[{
    "fields": {
        "display_ccli": false,
        "name": "test song",
        "copyright": "this is the copyright"
    },
    "model": "songs_api.song",
    "pk": 1
}, {
    "fields": {
        "display_ccli": true,
        "name": "Hero",
        "copyright": ""
    },
    "model": "songs_api.song",
    "pk": 2
}, {
    "fields": {
        "display_ccli": true,
        "name": "test song 2",
        "copyright": ""
    },
    "model": "songs_api.song",
    "pk": 3
}, {
    "fields": {
        "display_ccli": true,
        "name": "here is love",
        "copyright": ""
    },
    "model": "songs_api.song",
    "pk": 4
}, {
    "fields": {
        "display_ccli": true,
        "name": "Strong God",
        "copyright": "Copyright 2012 Integrity Worship"
    },
    "model": "songs_api.song",
    "pk": 5
}, {
    "fields": {
        "display_ccli": true,
        "name": "test",
        "copyright": ""
    },
    "model": "songs_api.song",
    "pk": 6
}, {
    "fields": {
        "text": "He walked the dirty streets famous for nothing\nHe said, \"Come follow me\" and they came \nA face like all the rest, but something was different\nThe Son of God would lead the way\nAnd soon they all would say\n",
        "chords": "G                            Em2\nG                                     Em2\nG                         Em2\nG                          Em2\n    Am        G         D",
        "description": "1st",
        "song": 2
    },
    "model": "songs_api.verse",
    "pk": 3
}, {
    "fields": {
        "text": "   He spoke with clarity, walked across the sea\n   A single word would calm the storm\n   His touch could heal the sick, but He was called a hypocrite\n   Laid behind the stone, his death was shortly mourned\nHe left the curtain torn",
        "chords": "G                      Em2\nG                               Em2\nG                                 Em2\nG                              Em2\n   Am       G       D",
        "description": "2nd",
        "song": 2
    },
    "model": "songs_api.verse",
    "pk": 4
}, {
    "fields": {
        "text": "   There He goes, a hero, a Savior to the world\nHere He stands with scars in His hands\n   With love     He gave    His life so we could be free\n    The Savior of the world",
        "chords": "Cmaj7       Dsus4   Em      G             Cmaj7\n        Dsus4       Em           D  \nCmaj7       Dsus4       Em              G\nCmaj7          Dsus4  Gmaj7|Em2|Gmaj7|Em2",
        "description": "Chorus 1",
        "song": 2
    },
    "model": "songs_api.verse",
    "pk": 5
}, {
    "fields": {
        "text": "He chose to take the cross, shed tears for the lost\nThe broken and the needy, forgiving those who were and will be\nThe angel made it clear, he told them, \"Have no fear\nHe's not here, He's not here\"\n\n",
        "chords": "                     Em                        G\n                             D                              Am7 \n                  Em                            Cmaj7\n                        D    | D",
        "description": "Bridge",
        "song": 2
    },
    "model": "songs_api.verse",
    "pk": 6
}, {
    "fields": {
        "text": "   There He goes, a hero, a Savior to the world\nHere He stands with scars in His hands\n   With love     He gave    His life so we could be free\n    The Savior of the world (The Savior of the world)\n    The Savior of the world (The Savior of the world)\n    The Savior of the world",
        "chords": "Cmaj7       Dsus4   Em      G             Cmaj7\n        Dsus4       Em           D  \nCmaj7       Dsus4       Em              G\nCmaj7          Dsus4  Em\nCmaj7          Dsus4  Em\nCmaj7          Dsus4  Gmaj7|Em2|Gmaj7|Em2 | G",
        "description": "Chorus 2",
        "song": 2
    },
    "model": "songs_api.verse",
    "pk": 7
}, {
    "fields": {
        "text": "This the first verse\n",
        "chords": "\n",
        "description": "1",
        "song": 1
    },
    "model": "songs_api.verse",
    "pk": 8
}, {
    "fields": {
        "text": "this is the second verse",
        "chords": "\n",
        "description": "2",
        "song": 1
    },
    "model": "songs_api.verse",
    "pk": 9
}, {
    "fields": {
        "text": "Lorem ipsum dolor sit amet, consectetur adipisicing elit, sed do eiusmod tempor .\nUt enim ad minim veniam, quis nostrud exercitation ullamco laboris nisi ut aliquip. \nDuis aute irure dolor in reprehenderit in voluptate velit esse cillum dolore eu.\nExcepteur sint occaecat cupidatat non proident, sunt in culpa qui officia deserunt.",
        "chords": "D     A     C",
        "description": "verse 1",
        "song": 3
    },
    "model": "songs_api.verse",
    "pk": 10
}, {
    "fields": {
        "text": "Consequat. sed dolor culpa reprehenderit ad id dolor ut ad eiusmod irure consequat. \nex magna culpa occaecat officia sit in id officia ea fugiat ad est tempor ea occaecat,\nesse ad sint aute in veniam, incididunt sint veniam, ad non sint Excepteur aliqua. \nullamco nisi do aliquip enim mollit in consequat. aliquip non dolor ut velit minim id.\n",
        "chords": "\n",
        "description": "verse 2",
        "song": 3
    },
    "model": "songs_api.verse",
    "pk": 11
}, {
    "fields": {
        "text": "Nisi aliquip adipisicing sunt proident, officia velit Duis adipisicing voluptate veniam, \nanim officia ut minim adipisicing incididunt do nostrud ullamco Lorem eiusmod in \nExcepteur dolor adipisicing Lorem ut esse velit in aliquip esse veniam, sit est ad\nExcepteur in dolore irure amet, reprehenderit ea sit aute sunt culpa cupidatat.",
        "chords": "\n",
        "description": "verse 3",
        "song": 3
    },
    "model": "songs_api.verse",
    "pk": 12
}, {
    "fields": {
        "text": "Here is love vast as the ocean\n\n\nBlah\nLovingkindness as the flood\n\n\n",
        "chords": "A  B  A\nC  G  D",
        "description": "verse 1",
        "song": 4
    },
    "model": "songs_api.verse",
    "pk": 13
}, {
    "fields": {
        "text": "",
        "chords": "|: Am7   F   C   G :| Am7   F   C   G",
        "description": "Intro",
        "song": 5
    },
    "model": "songs_api.verse",
    "pk": 14
}, {
    "fields": {
        "text": "Father to the fatherless, de - fender of the weak\nFreedom for the prisoner,   we sing",
        "chords": "Am7          F                C             G\nAm7            F         C    G",
        "description": "Verse 1",
        "song": 5
    },
    "model": "songs_api.verse",
    "pk": 15
}, {
    "fields": {
        "text": "This is God, in   His ho - ly place.\nThis is God, clothed in love and strength.",
        "chords": "Am7         F/A          C        Em7\nAm7         F                   C",
        "description": "PreChorus",
        "song": 5
    },
    "model": "songs_api.verse",
    "pk": 16
}, {
    "fields": {
        "text": "Sing out, lift your voice and cry out. \nAwesome is our strong God, mighty is our God",
        "chords": "C                             G                      \n               Am7                      F",
        "description": "Chorus",
        "song": 5
    },
    "model": "songs_api.verse",
    "pk": 17
}, {
    "fields": {
        "text": "With us in the wilderness, faithful to pro - vide.\nEv'ry breath and ev'ry step,   we sing.",
        "chords": "Am7           F           C                 G\nAm7             F           C    G",
        "description": "Verse 2",
        "song": 5
    },
    "model": "songs_api.verse",
    "pk": 18
}, {
    "fields": {
        "text": "    There is none higher, no,   there is none greater, no\n    There is none stronger than our God",
        "chords": "|:Dm7               Am7        C               G           \nDm7               Am7              G     :|",
        "description": "Bridge",
        "song": 5
    },
    "model": "songs_api.verse",
    "pk": 19
}, {
    "fields": {
        "text": "",
        "chords": "|: Am7   F   C   G :|",
        "description": "Outro",
        "song": 5
    },
    "model": "songs_api.verse",
    "pk": 20
}, {
    "fields": {
        "text": "Here are some lyrics.",
        "chords": "A B C#",
        "description": "Verse 1",
        "song": 6
    },
    "model": "songs_api.verse",
    "pk": 21
}, {
    "fields": {
        "name": "Joe Sutherland"
    },
    "model": "songs_api.author",
    "pk": 1
}, {
    "fields": {
        "name": "Bobby Shook"
    },
    "model": "songs_api.author",
    "pk": 2
}, {
    "fields": {
        "name": "Chris Stevens"
    },
    "model": "songs_api.author",
    "pk": 3
}, {
    "fields": {
        "name": "Justin York"
    },
    "model": "songs_api.author",
    "pk": 4
}, {
    "fields": {
        "name": "Josh Engler"
    },
    "model": "songs_api.author",
    "pk": 5
}, {
    "fields": {
        "name": "Justin Engler"
    },
    "model": "songs_api.author",
    "pk": 6
}, {
    "fields": {
        "name": "David Vela"
    },
    "model": "songs_api.author",
    "pk": 7
}, {
    "fields": {
        "name": "Stevan Vela"
    },
    "model": "songs_api.author",
    "pk": 8
}, {
    "fields": {
        "name": "Bryan Fowler"
    },
    "model": "songs_api.author",
    "pk": 9
}, {
    "fields": {
        "name": "Jon Egan"
    },
    "model": "songs_api.author",
    "pk": 10
}, {
    "fields": {
        "name": "Jason Ingram"
    },
    "model": "songs_api.author",
    "pk": 11
}, {
    "fields": {
        "name": "Meredith Andrews"
    },
    "model": "songs_api.author",
    "pk": 12
}, {
    "fields": {
        "song": 1,
        "order": 0,
        "author": 1
    },
    "model": "songs_api.songauthor",
    "pk": 1
}, {
    "fields": {
        "song": 1,
        "order": 1,
        "author": 2
    },
    "model": "songs_api.songauthor",
    "pk": 2
}, {
    "fields": {
        "song": 2,
        "order": 0,
        "author": 3
    },
    "model": "songs_api.songauthor",
    "pk": 3
}, {
    "fields": {
        "song": 2,
        "order": 1,
        "author": 4
    },
    "model": "songs_api.songauthor",
    "pk": 4
}, {
    "fields": {
        "song": 2,
        "order": 2,
        "author": 5
    },
    "model": "songs_api.songauthor",
    "pk": 5
}, {
    "fields": {
        "song": 2,
        "order": 3,
        "author": 6
    },
    "model": "songs_api.songauthor",
    "pk": 6
}, {
    "fields": {
        "song": 2,
        "order": 4,
        "author": 7
    },
    "model": "songs_api.songauthor",
    "pk": 7
}, {
    "fields": {
        "song": 2,
        "order": 5,
        "author": 8
    },
    "model": "songs_api.songauthor",
    "pk": 8
}, {
    "fields": {
        "song": 2,
        "order": 6,
        "author": 9
    },
    "model": "songs_api.songauthor",
    "pk": 9
}, {
    "fields": {
        "song": 5,
        "order": 0,
        "author": 10
    },
    "model": "songs_api.songauthor",
    "pk": 10
}, {
    "fields": {
        "song": 5,
        "order": 1,
        "author": 11
    },
    "model": "songs_api.songauthor",
    "pk": 11
}, {
    "fields": {
        "song": 5,
        "order": 2,
        "author": 12
    },
    "model": "songs_api.songauthor",
    "pk": 12
}, {
    "fields": {
        "song": 6,
        "order": 0,
        "author": 1
    },
    "model": "songs_api.songauthor",
    "pk": 13
}, {
    "fields": {
        "notes": "sing 'em all! please! do it now!",
        "description": "All Verses"
    },
    "model": "songs_api.arrangement",
    "pk": 1
}, {
    "fields": {
        "notes": "",
        "description": "test"
    },
    "model": "songs_api.arrangement",
    "pk": 2
}, {
    "fields": {
        "notes": "",
        "description": "test 2"
    },
    "model": "songs_api.arrangement",
    "pk": 3
}, {
    "fields": {
        "notes": "",
        "description": "test 3"
    },
    "model": "songs_api.arrangement",
    "pk": 4
}, {
    "fields": {
        "transposition": 0,
        "arrangement": 1,
        "verse": 3,
        "description": "",
        "order": 0
    },
    "model": "songs_api.arrangementverse",
    "pk": 1
}, {
    "fields": {
        "transposition": 0,
        "arrangement": 1,
        "verse": 7,
        "description": "",
        "order": 1
    },
    "model": "songs_api.arrangementverse",
    "pk": 2
}, {
    "fields": {
        "transposition": 0,
        "arrangement": 1,
        "verse": 8,
        "description": "",
        "order": 2
    },
    "model": "songs_api.arrangementverse",
    "pk": 3
}, {
    "fields": {
        "transposition": 0,
        "arrangement": 1,
        "verse": 9,
        "description": "",
        "order": 3
    },
    "model": "songs_api.arrangementverse",
    "pk": 4
}, {
    "fields": {
        "transposition": 0,
        "arrangement": 2,
        "verse": 21,
        "description": "",
        "order": 0
    },
    "model": "songs_api.arrangementverse",
    "pk": 5
}, {
    "fields": {
        "transposition": 0,
        "arrangement": 2,
        "verse": 21,
        "description": "",
        "order": 1
    },
    "model": "songs_api.arrangementverse",
    "pk": 6
}, {
    "fields": {
        "transposition": 0,
        "arrangement": 4,
        "verse": 4,
        "description": "",
        "order": 1
    },
    "model": "songs_api.arrangementverse",
    "pk": 7
}, {
    "fields": {
        "transposition": 0,
        "arrangement": 4,
        "verse": 5,
        "description": "",
        "order": 2
    },
    "model": "songs_api.arrangementverse",
    "pk": 8
}, {
    "fields": {
        "transposition": 0,
        "arrangement": 4,
        "verse": 21,
        "description": "",
        "order": 3
    },
    "model": "songs_api.arrangementverse",
    "pk": 9
}, {
    "fields": {
        "transposition": 0,
        "arrangement": 4,
        "verse": 21,
        "description": "",
        "order": 4
    },
    "model": "songs_api.arrangementverse",
    "pk": 10
}, {
    "fields": {
        "transposition": 0,
        "arrangement": 3,
        "verse": 14,
        "description": "",
        "order": 0
    },
    "model": "songs_api.arrangementverse",
    "pk": 11
}, {
    "fields": {
        "transposition": 0,
        "arrangement": 3,
        "verse": 15,
        "description": "",
        "order": 1
    },
    "model": "songs_api.arrangementverse",
    "pk": 12
}, {
    "fields": {
        "transposition": 0,
        "arrangement": 3,
        "verse": 16,
        "description": "",
        "order": 2
    },
    "model": "songs_api.arrangementverse",
    "pk": 13
}, {
    "fields": {
        "transposition": 0,
        "arrangement": 3,
        "verse": 17,
        "description": "",
        "order": 3
    },
    "model": "songs_api.arrangementverse",
    "pk": 14
}, {
    "fields": {
        "transposition": 0,
        "arrangement": 3,
        "verse": 18,
        "description": "",
        "order": 4
    },
    "model": "songs_api.arrangementverse",
    "pk": 15
}, {
    "fields": {
        "transposition": 0,
        "arrangement": 3,
        "verse": 5,
        "description": "",
        "order": 5
    },
    "model": "songs_api.arrangementverse",
    "pk": 16
}, {
    "fields": {
        "transposition": 0,
        "arrangement": 4,
        "verse": 3,
        "description": "",
        "order": 0
    },
    "model": "songs_api.arrangementverse",
    "pk": 17
}, {
    "fields": {
        "date": "2013-04-21",
        "description": "yeah!"
    },
    "model": "songs_api.setlist",
    "pk": 1
}, {
    "fields": {
        "arrangement": 1,
        "order": 1,
        "setlist": 1
    },
    "model": "songs_api.setlistarrangement",
    "pk": 1
}]