[{"pk": 13, "model": "contenttypes.contenttype", "fields": {"model": "arrangement", "name": "arrangement", "app_label": "songs"}}, {"pk": 14, "model": "contenttypes.contenttype", "fields": {"model": "arrangementverse", "name": "arrangement verse", "app_label": "songs"}}, {"pk": 10, "model": "contenttypes.contenttype", "fields": {"model": "author", "name": "author", "app_label": "songs"}}, {"pk": 4, "model": "contenttypes.contenttype", "fields": {"model": "contenttype", "name": "content type", "app_label": "contenttypes"}}, {"pk": 2, "model": "contenttypes.contenttype", "fields": {"model": "group", "name": "group", "app_label": "auth"}}, {"pk": 7, "model": "contenttypes.contenttype", "fields": {"model": "logentry", "name": "log entry", "app_label": "admin"}}, {"pk": 1, "model": "contenttypes.contenttype", "fields": {"model": "permission", "name": "permission", "app_label": "auth"}}, {"pk": 5, "model": "contenttypes.contenttype", "fields": {"model": "session", "name": "session", "app_label": "sessions"}}, {"pk": 15, "model": "contenttypes.contenttype", "fields": {"model": "setlist", "name": "set list", "app_label": "songs"}}, {"pk": 16, "model": "contenttypes.contenttype", "fields": {"model": "setlistarrangement", "name": "set list arrangement", "app_label": "songs"}}, {"pk": 6, "model": "contenttypes.contenttype", "fields": {"model": "site", "name": "site", "app_label": "sites"}}, {"pk": 8, "model": "contenttypes.contenttype", "fields": {"model": "song", "name": "song", "app_label": "songs"}}, {"pk": 12, "model": "contenttypes.contenttype", "fields": {"model": "songarrangement", "name": "song arrangement", "app_label": "songs"}}, {"pk": 11, "model": "contenttypes.contenttype", "fields": {"model": "songauthor", "name": "song author", "app_label": "songs"}}, {"pk": 3, "model": "contenttypes.contenttype", "fields": {"model": "user", "name": "user", "app_label": "auth"}}, {"pk": 9, "model": "contenttypes.contenttype", "fields": {"model": "verse", "name": "verse", "app_label": "songs"}}, {"pk": "9170f1aad80a594c3a8c5ed5c5f0754d", "model": "sessions.session", "fields": {"expire_date": "2013-05-09T17:55:33.068Z", "session_data": "NjY5Y2NlNmI0NDI3YjlkMjNiZWFkZGEwMDhjOTk1Yjc3YzQ3NDhmODqAAn1xAVUKdGVzdGNvb2tp\nZXECVQZ3b3JrZWRxA3Mu\n"}}, {"pk": "45f5421feb9489c21bfa764662c6cc64", "model": "sessions.session", "fields": {"expire_date": "2013-05-09T17:55:37.573Z", "session_data": "MjFlNjNmNDNiNzViMGIzZDhiZTVjNGFlZDU2ZmM0Y2M1ODI0YTVmNjqAAn1xAShVEl9hdXRoX3Vz\nZXJfYmFja2VuZHECVSlkamFuZ28uY29udHJpYi5hdXRoLmJhY2tlbmRzLk1vZGVsQmFja2VuZHED\nVQ1fYXV0aF91c2VyX2lkcQRLAXUu\n"}}, {"pk": "8f8bbca9607176f01a27d3a781c24f75", "model": "sessions.session", "fields": {"expire_date": "2013-05-09T17:55:38.164Z", "session_data": "NjY5Y2NlNmI0NDI3YjlkMjNiZWFkZGEwMDhjOTk1Yjc3YzQ3NDhmODqAAn1xAVUKdGVzdGNvb2tp\nZXECVQZ3b3JrZWRxA3Mu\n"}}, {"pk": "e3d0fb67dce15a6c260e93093e860fb1", "model": "sessions.session", "fields": {"expire_date": "2013-05-09T17:55:41.368Z", "session_data": "NjY5Y2NlNmI0NDI3YjlkMjNiZWFkZGEwMDhjOTk1Yjc3YzQ3NDhmODqAAn1xAVUKdGVzdGNvb2tp\nZXECVQZ3b3JrZWRxA3Mu\n"}}, {"pk": "e187b382b871de92bd7c829055c21a54", "model": "sessions.session", "fields": {"expire_date": "2013-05-09T17:55:44.112Z", "session_data": "NjY5Y2NlNmI0NDI3YjlkMjNiZWFkZGEwMDhjOTk1Yjc3YzQ3NDhmODqAAn1xAVUKdGVzdGNvb2tp\nZXECVQZ3b3JrZWRxA3Mu\n"}}, {"pk": "afbd2b83f08f1b9f74d03877e05afcda", "model": "sessions.session", "fields": {"expire_date": "2013-05-09T17:55:45.372Z", "session_data": "NjY5Y2NlNmI0NDI3YjlkMjNiZWFkZGEwMDhjOTk1Yjc3YzQ3NDhmODqAAn1xAVUKdGVzdGNvb2tp\nZXECVQZ3b3JrZWRxA3Mu\n"}}, {"pk": "67e71641598488d1260b16cd6dffb1e6", "model": "sessions.session", "fields": {"expire_date": "2013-05-09T17:55:51.565Z", "session_data": "NjY5Y2NlNmI0NDI3YjlkMjNiZWFkZGEwMDhjOTk1Yjc3YzQ3NDhmODqAAn1xAVUKdGVzdGNvb2tp\nZXECVQZ3b3JrZWRxA3Mu\n"}}, {"pk": "e2c21d1c29fd82324232de94b843b219", "model": "sessions.session", "fields": {"expire_date": "2013-05-09T17:56:19.883Z", "session_data": "NjY5Y2NlNmI0NDI3YjlkMjNiZWFkZGEwMDhjOTk1Yjc3YzQ3NDhmODqAAn1xAVUKdGVzdGNvb2tp\nZXECVQZ3b3JrZWRxA3Mu\n"}}, {"pk": "bd33f2fb1c11268651933b8e79a21011", "model": "sessions.session", "fields": {"expire_date": "2013-05-09T17:56:26.806Z", "session_data": "NjY5Y2NlNmI0NDI3YjlkMjNiZWFkZGEwMDhjOTk1Yjc3YzQ3NDhmODqAAn1xAVUKdGVzdGNvb2tp\nZXECVQZ3b3JrZWRxA3Mu\n"}}, {"pk": "3f28bbe7f2046a15cf8d2b5b0e71cdca", "model": "sessions.session", "fields": {"expire_date": "2013-05-09T17:57:34.932Z", "session_data": "NjY5Y2NlNmI0NDI3YjlkMjNiZWFkZGEwMDhjOTk1Yjc3YzQ3NDhmODqAAn1xAVUKdGVzdGNvb2tp\nZXECVQZ3b3JrZWRxA3Mu\n"}}, {"pk": "24711baabd3c85153d4ec11aa3cbb764", "model": "sessions.session", "fields": {"expire_date": "2013-05-09T17:57:44.190Z", "session_data": "NjY5Y2NlNmI0NDI3YjlkMjNiZWFkZGEwMDhjOTk1Yjc3YzQ3NDhmODqAAn1xAVUKdGVzdGNvb2tp\nZXECVQZ3b3JrZWRxA3Mu\n"}}, {"pk": "a7dfd51fac7fc3437f641562c767c68d", "model": "sessions.session", "fields": {"expire_date": "2013-05-09T17:57:47.293Z", "session_data": "NjY5Y2NlNmI0NDI3YjlkMjNiZWFkZGEwMDhjOTk1Yjc3YzQ3NDhmODqAAn1xAVUKdGVzdGNvb2tp\nZXECVQZ3b3JrZWRxA3Mu\n"}}, {"pk": "6d1855fe31f37a0cd8a84578a84c1d27", "model": "sessions.session", "fields": {"expire_date": "2013-05-09T17:58:58.400Z", "session_data": "NjY5Y2NlNmI0NDI3YjlkMjNiZWFkZGEwMDhjOTk1Yjc3YzQ3NDhmODqAAn1xAVUKdGVzdGNvb2tp\nZXECVQZ3b3JrZWRxA3Mu\n"}}, {"pk": "7011ed0ba5d80b84361b9df2f3b988bf", "model": "sessions.session", "fields": {"expire_date": "2013-05-09T17:59:05.613Z", "session_data": "NjY5Y2NlNmI0NDI3YjlkMjNiZWFkZGEwMDhjOTk1Yjc3YzQ3NDhmODqAAn1xAVUKdGVzdGNvb2tp\nZXECVQZ3b3JrZWRxA3Mu\n"}}, {"pk": "1816e997c7d925e495fcfa73eb8477da", "model": "sessions.session", "fields": {"expire_date": "2013-05-09T17:59:34.100Z", "session_data": "NjY5Y2NlNmI0NDI3YjlkMjNiZWFkZGEwMDhjOTk1Yjc3YzQ3NDhmODqAAn1xAVUKdGVzdGNvb2tp\nZXECVQZ3b3JrZWRxA3Mu\n"}}, {"pk": "af5e9a97509fc6ef13e72a165b0996e6", "model": "sessions.session", "fields": {"expire_date": "2013-05-09T17:59:37.956Z", "session_data": "NjY5Y2NlNmI0NDI3YjlkMjNiZWFkZGEwMDhjOTk1Yjc3YzQ3NDhmODqAAn1xAVUKdGVzdGNvb2tp\nZXECVQZ3b3JrZWRxA3Mu\n"}}, {"pk": "85ea169270ff5239859812fec320d836", "model": "sessions.session", "fields": {"expire_date": "2013-05-09T18:00:06.715Z", "session_data": "NjY5Y2NlNmI0NDI3YjlkMjNiZWFkZGEwMDhjOTk1Yjc3YzQ3NDhmODqAAn1xAVUKdGVzdGNvb2tp\nZXECVQZ3b3JrZWRxA3Mu\n"}}, {"pk": "ba7c7972b1b2b93594f5fa234f2955e8", "model": "sessions.session", "fields": {"expire_date": "2013-05-09T18:00:56.207Z", "session_data": "NjY5Y2NlNmI0NDI3YjlkMjNiZWFkZGEwMDhjOTk1Yjc3YzQ3NDhmODqAAn1xAVUKdGVzdGNvb2tp\nZXECVQZ3b3JrZWRxA3Mu\n"}}, {"pk": "c70ea54417f15c04eceebf75a2e582de", "model": "sessions.session", "fields": {"expire_date": "2013-05-09T18:04:11.714Z", "session_data": "NjY5Y2NlNmI0NDI3YjlkMjNiZWFkZGEwMDhjOTk1Yjc3YzQ3NDhmODqAAn1xAVUKdGVzdGNvb2tp\nZXECVQZ3b3JrZWRxA3Mu\n"}}, {"pk": "e5d192e00dc94538202ce302e227304f", "model": "sessions.session", "fields": {"expire_date": "2013-05-09T18:05:54.849Z", "session_data": "NjY5Y2NlNmI0NDI3YjlkMjNiZWFkZGEwMDhjOTk1Yjc3YzQ3NDhmODqAAn1xAVUKdGVzdGNvb2tp\nZXECVQZ3b3JrZWRxA3Mu\n"}}, {"pk": "dfeae8fb349dccb2ca4d98f733c42e15", "model": "sessions.session", "fields": {"expire_date": "2013-05-09T18:09:37.383Z", "session_data": "NjY5Y2NlNmI0NDI3YjlkMjNiZWFkZGEwMDhjOTk1Yjc3YzQ3NDhmODqAAn1xAVUKdGVzdGNvb2tp\nZXECVQZ3b3JrZWRxA3Mu\n"}}, {"pk": "cbc046d81c9ce4288d749e15fcc920ea", "model": "sessions.session", "fields": {"expire_date": "2013-05-09T18:09:41.664Z", "session_data": "NjY5Y2NlNmI0NDI3YjlkMjNiZWFkZGEwMDhjOTk1Yjc3YzQ3NDhmODqAAn1xAVUKdGVzdGNvb2tp\nZXECVQZ3b3JrZWRxA3Mu\n"}}, {"pk": "c033187856cc9a2e3335bff30fdff99e", "model": "sessions.session", "fields": {"expire_date": "2013-05-09T18:09:44.458Z", "session_data": "NjY5Y2NlNmI0NDI3YjlkMjNiZWFkZGEwMDhjOTk1Yjc3YzQ3NDhmODqAAn1xAVUKdGVzdGNvb2tp\nZXECVQZ3b3JrZWRxA3Mu\n"}}, {"pk": "72b7b28c4752608eb441f2cb668b183c", "model": "sessions.session", "fields": {"expire_date": "2013-05-09T18:09:47.310Z", "session_data": "NjY5Y2NlNmI0NDI3YjlkMjNiZWFkZGEwMDhjOTk1Yjc3YzQ3NDhmODqAAn1xAVUKdGVzdGNvb2tp\nZXECVQZ3b3JrZWRxA3Mu\n"}}, {"pk": "3879915408771e81833f24eff01d3e90", "model": "sessions.session", "fields": {"expire_date": "2013-05-09T18:09:49.974Z", "session_data": "NjY5Y2NlNmI0NDI3YjlkMjNiZWFkZGEwMDhjOTk1Yjc3YzQ3NDhmODqAAn1xAVUKdGVzdGNvb2tp\nZXECVQZ3b3JrZWRxA3Mu\n"}}, {"pk": "e96716b5c0fb15c3d02a84841f7ff7b7", "model": "sessions.session", "fields": {"expire_date": "2013-05-09T18:10:00.586Z", "session_data": "NjY5Y2NlNmI0NDI3YjlkMjNiZWFkZGEwMDhjOTk1Yjc3YzQ3NDhmODqAAn1xAVUKdGVzdGNvb2tp\nZXECVQZ3b3JrZWRxA3Mu\n"}}, {"pk": "4453f209537f5dcb014d67692e56c4bf", "model": "sessions.session", "fields": {"expire_date": "2013-05-09T18:10:12.796Z", "session_data": "NjY5Y2NlNmI0NDI3YjlkMjNiZWFkZGEwMDhjOTk1Yjc3YzQ3NDhmODqAAn1xAVUKdGVzdGNvb2tp\nZXECVQZ3b3JrZWRxA3Mu\n"}}, {"pk": "a855c436d20f63a32abe3b3d0b0e2080", "model": "sessions.session", "fields": {"expire_date": "2013-05-09T18:14:38.876Z", "session_data": "NjY5Y2NlNmI0NDI3YjlkMjNiZWFkZGEwMDhjOTk1Yjc3YzQ3NDhmODqAAn1xAVUKdGVzdGNvb2tp\nZXECVQZ3b3JrZWRxA3Mu\n"}}, {"pk": "143b99e3008248156cfa9bd81c7f697f", "model": "sessions.session", "fields": {"expire_date": "2013-05-09T18:14:53.644Z", "session_data": "NjY5Y2NlNmI0NDI3YjlkMjNiZWFkZGEwMDhjOTk1Yjc3YzQ3NDhmODqAAn1xAVUKdGVzdGNvb2tp\nZXECVQZ3b3JrZWRxA3Mu\n"}}, {"pk": "2f36d3072d662f7e81d6b2f7b0724b64", "model": "sessions.session", "fields": {"expire_date": "2013-05-09T18:15:48.251Z", "session_data": "NjY5Y2NlNmI0NDI3YjlkMjNiZWFkZGEwMDhjOTk1Yjc3YzQ3NDhmODqAAn1xAVUKdGVzdGNvb2tp\nZXECVQZ3b3JrZWRxA3Mu\n"}}, {"pk": "cb98cd918f698511d7259b513119a9cd", "model": "sessions.session", "fields": {"expire_date": "2013-05-09T18:16:23.884Z", "session_data": "NjY5Y2NlNmI0NDI3YjlkMjNiZWFkZGEwMDhjOTk1Yjc3YzQ3NDhmODqAAn1xAVUKdGVzdGNvb2tp\nZXECVQZ3b3JrZWRxA3Mu\n"}}, {"pk": "addb6fb8917ba12559aea01de746d816", "model": "sessions.session", "fields": {"expire_date": "2013-05-09T18:16:42.282Z", "session_data": "NjY5Y2NlNmI0NDI3YjlkMjNiZWFkZGEwMDhjOTk1Yjc3YzQ3NDhmODqAAn1xAVUKdGVzdGNvb2tp\nZXECVQZ3b3JrZWRxA3Mu\n"}}, {"pk": "13726c37d799599b249642384c493e41", "model": "sessions.session", "fields": {"expire_date": "2013-05-09T18:16:45.862Z", "session_data": "NjY5Y2NlNmI0NDI3YjlkMjNiZWFkZGEwMDhjOTk1Yjc3YzQ3NDhmODqAAn1xAVUKdGVzdGNvb2tp\nZXECVQZ3b3JrZWRxA3Mu\n"}}, {"pk": "fab2d113c05d2467eb23122a21a70985", "model": "sessions.session", "fields": {"expire_date": "2013-05-09T18:17:17.394Z", "session_data": "NjY5Y2NlNmI0NDI3YjlkMjNiZWFkZGEwMDhjOTk1Yjc3YzQ3NDhmODqAAn1xAVUKdGVzdGNvb2tp\nZXECVQZ3b3JrZWRxA3Mu\n"}}, {"pk": "9abdd08aaa3d385b721cd368d5f15888", "model": "sessions.session", "fields": {"expire_date": "2013-05-09T18:21:24.287Z", "session_data": "NjY5Y2NlNmI0NDI3YjlkMjNiZWFkZGEwMDhjOTk1Yjc3YzQ3NDhmODqAAn1xAVUKdGVzdGNvb2tp\nZXECVQZ3b3JrZWRxA3Mu\n"}}, {"pk": "d44aceb0f4209fac60253237fecf4dac", "model": "sessions.session", "fields": {"expire_date": "2013-05-09T18:21:37.184Z", "session_data": "NjY5Y2NlNmI0NDI3YjlkMjNiZWFkZGEwMDhjOTk1Yjc3YzQ3NDhmODqAAn1xAVUKdGVzdGNvb2tp\nZXECVQZ3b3JrZWRxA3Mu\n"}}, {"pk": "b797c969a51eac72810d5b7feb26c4b3", "model": "sessions.session", "fields": {"expire_date": "2013-05-09T18:21:39.260Z", "session_data": "NjY5Y2NlNmI0NDI3YjlkMjNiZWFkZGEwMDhjOTk1Yjc3YzQ3NDhmODqAAn1xAVUKdGVzdGNvb2tp\nZXECVQZ3b3JrZWRxA3Mu\n"}}, {"pk": "6a09b8ccece91ed4f46d8a20c94677db", "model": "sessions.session", "fields": {"expire_date": "2013-05-09T18:21:52.030Z", "session_data": "NjY5Y2NlNmI0NDI3YjlkMjNiZWFkZGEwMDhjOTk1Yjc3YzQ3NDhmODqAAn1xAVUKdGVzdGNvb2tp\nZXECVQZ3b3JrZWRxA3Mu\n"}}, {"pk": "e614bb52d4384ca60eeaeda42ed2dc48", "model": "sessions.session", "fields": {"expire_date": "2013-05-09T18:21:54.984Z", "session_data": "NjY5Y2NlNmI0NDI3YjlkMjNiZWFkZGEwMDhjOTk1Yjc3YzQ3NDhmODqAAn1xAVUKdGVzdGNvb2tp\nZXECVQZ3b3JrZWRxA3Mu\n"}}, {"pk": "8c40330320e6a9549156f00cedc3b852", "model": "sessions.session", "fields": {"expire_date": "2013-05-09T18:22:47.238Z", "session_data": "NjY5Y2NlNmI0NDI3YjlkMjNiZWFkZGEwMDhjOTk1Yjc3YzQ3NDhmODqAAn1xAVUKdGVzdGNvb2tp\nZXECVQZ3b3JrZWRxA3Mu\n"}}, {"pk": "511470077fed2e5360f531b5f606e0b0", "model": "sessions.session", "fields": {"expire_date": "2013-05-09T18:23:06.738Z", "session_data": "NjY5Y2NlNmI0NDI3YjlkMjNiZWFkZGEwMDhjOTk1Yjc3YzQ3NDhmODqAAn1xAVUKdGVzdGNvb2tp\nZXECVQZ3b3JrZWRxA3Mu\n"}}, {"pk": "8353c119b920f86df10129e741d160cd", "model": "sessions.session", "fields": {"expire_date": "2013-05-09T18:24:29.125Z", "session_data": "NjY5Y2NlNmI0NDI3YjlkMjNiZWFkZGEwMDhjOTk1Yjc3YzQ3NDhmODqAAn1xAVUKdGVzdGNvb2tp\nZXECVQZ3b3JrZWRxA3Mu\n"}}, {"pk": "a57b5195304c8d117f905cc95353bf0d", "model": "sessions.session", "fields": {"expire_date": "2013-05-09T18:24:31.379Z", "session_data": "NjY5Y2NlNmI0NDI3YjlkMjNiZWFkZGEwMDhjOTk1Yjc3YzQ3NDhmODqAAn1xAVUKdGVzdGNvb2tp\nZXECVQZ3b3JrZWRxA3Mu\n"}}, {"pk": "98d53658c97f97b598bc9212bf0bde86", "model": "sessions.session", "fields": {"expire_date": "2013-05-09T18:24:53.739Z", "session_data": "NjY5Y2NlNmI0NDI3YjlkMjNiZWFkZGEwMDhjOTk1Yjc3YzQ3NDhmODqAAn1xAVUKdGVzdGNvb2tp\nZXECVQZ3b3JrZWRxA3Mu\n"}}, {"pk": "5e0185838560c9fa7ffddb9a699c287c", "model": "sessions.session", "fields": {"expire_date": "2013-05-09T18:24:55.665Z", "session_data": "NjY5Y2NlNmI0NDI3YjlkMjNiZWFkZGEwMDhjOTk1Yjc3YzQ3NDhmODqAAn1xAVUKdGVzdGNvb2tp\nZXECVQZ3b3JrZWRxA3Mu\n"}}, {"pk": "d64c339ebd95b0fd1e22f0cecbd73155", "model": "sessions.session", "fields": {"expire_date": "2013-05-09T18:25:00.594Z", "session_data": "NjY5Y2NlNmI0NDI3YjlkMjNiZWFkZGEwMDhjOTk1Yjc3YzQ3NDhmODqAAn1xAVUKdGVzdGNvb2tp\nZXECVQZ3b3JrZWRxA3Mu\n"}}, {"pk": "26fe3bf154cf0d2db0a177c8d6105ff7", "model": "sessions.session", "fields": {"expire_date": "2013-05-09T18:25:03.943Z", "session_data": "NjY5Y2NlNmI0NDI3YjlkMjNiZWFkZGEwMDhjOTk1Yjc3YzQ3NDhmODqAAn1xAVUKdGVzdGNvb2tp\nZXECVQZ3b3JrZWRxA3Mu\n"}}, {"pk": "642c8f867924c9f60afa9f425adab644", "model": "sessions.session", "fields": {"expire_date": "2013-05-09T18:25:25.607Z", "session_data": "NjY5Y2NlNmI0NDI3YjlkMjNiZWFkZGEwMDhjOTk1Yjc3YzQ3NDhmODqAAn1xAVUKdGVzdGNvb2tp\nZXECVQZ3b3JrZWRxA3Mu\n"}}, {"pk": "cf3c4f87b02a0952678a579b3cfb7e6b", "model": "sessions.session", "fields": {"expire_date": "2013-05-09T18:26:17.079Z", "session_data": "NjY5Y2NlNmI0NDI3YjlkMjNiZWFkZGEwMDhjOTk1Yjc3YzQ3NDhmODqAAn1xAVUKdGVzdGNvb2tp\nZXECVQZ3b3JrZWRxA3Mu\n"}}, {"pk": "5e7d2df876d37a683bb39000644fe291", "model": "sessions.session", "fields": {"expire_date": "2013-05-09T18:28:30.739Z", "session_data": "NjY5Y2NlNmI0NDI3YjlkMjNiZWFkZGEwMDhjOTk1Yjc3YzQ3NDhmODqAAn1xAVUKdGVzdGNvb2tp\nZXECVQZ3b3JrZWRxA3Mu\n"}}, {"pk": "f033cbb3f696579c1a94576cfbf295a8", "model": "sessions.session", "fields": {"expire_date": "2013-05-09T18:28:38.183Z", "session_data": "NjY5Y2NlNmI0NDI3YjlkMjNiZWFkZGEwMDhjOTk1Yjc3YzQ3NDhmODqAAn1xAVUKdGVzdGNvb2tp\nZXECVQZ3b3JrZWRxA3Mu\n"}}, {"pk": "43a90af9bbad1c1981e0c4933e5abb06", "model": "sessions.session", "fields": {"expire_date": "2013-05-09T18:28:42.827Z", "session_data": "NjY5Y2NlNmI0NDI3YjlkMjNiZWFkZGEwMDhjOTk1Yjc3YzQ3NDhmODqAAn1xAVUKdGVzdGNvb2tp\nZXECVQZ3b3JrZWRxA3Mu\n"}}, {"pk": "79d798792c1509f01942971025b7ab72", "model": "sessions.session", "fields": {"expire_date": "2013-05-09T18:28:57.887Z", "session_data": "NjY5Y2NlNmI0NDI3YjlkMjNiZWFkZGEwMDhjOTk1Yjc3YzQ3NDhmODqAAn1xAVUKdGVzdGNvb2tp\nZXECVQZ3b3JrZWRxA3Mu\n"}}, {"pk": "053b17dac5d5824d8c4512d15475a765", "model": "sessions.session", "fields": {"expire_date": "2013-05-09T18:29:04.997Z", "session_data": "NjY5Y2NlNmI0NDI3YjlkMjNiZWFkZGEwMDhjOTk1Yjc3YzQ3NDhmODqAAn1xAVUKdGVzdGNvb2tp\nZXECVQZ3b3JrZWRxA3Mu\n"}}, {"pk": "d8509c591a0bf1ec7220235e5de264fc", "model": "sessions.session", "fields": {"expire_date": "2013-05-09T18:40:52.550Z", "session_data": "NjY5Y2NlNmI0NDI3YjlkMjNiZWFkZGEwMDhjOTk1Yjc3YzQ3NDhmODqAAn1xAVUKdGVzdGNvb2tp\nZXECVQZ3b3JrZWRxA3Mu\n"}}, {"pk": "83305859950c7a5a0d89c4b9ae39bc23", "model": "sessions.session", "fields": {"expire_date": "2013-05-09T18:41:01.932Z", "session_data": "NjY5Y2NlNmI0NDI3YjlkMjNiZWFkZGEwMDhjOTk1Yjc3YzQ3NDhmODqAAn1xAVUKdGVzdGNvb2tp\nZXECVQZ3b3JrZWRxA3Mu\n"}}, {"pk": "43eb8cdc486c51482218a5c9fe3a3975", "model": "sessions.session", "fields": {"expire_date": "2013-05-09T18:42:16.717Z", "session_data": "NjY5Y2NlNmI0NDI3YjlkMjNiZWFkZGEwMDhjOTk1Yjc3YzQ3NDhmODqAAn1xAVUKdGVzdGNvb2tp\nZXECVQZ3b3JrZWRxA3Mu\n"}}, {"pk": "9b526924325220cf71f0c3e17b1d69e4", "model": "sessions.session", "fields": {"expire_date": "2013-05-09T19:18:09.097Z", "session_data": "Nzc1ODQ4MGIyNGE2YjgwZDRjZTUyZDAzNjc4YTQyYWQ3Mzg2ZThmNzqAAn1xAShVEl9hdXRoX3Vz\nZXJfYmFja2VuZHECVSlkamFuZ28uY29udHJpYi5hdXRoLmJhY2tlbmRzLk1vZGVsQmFja2VuZHED\nVQ1fYXV0aF91c2VyX2lkcQRLAnUu\n"}}, {"pk": "cafab898654ff246c9b81697189f6f5d", "model": "sessions.session", "fields": {"expire_date": "2013-05-09T19:48:32.419Z", "session_data": "NjY5Y2NlNmI0NDI3YjlkMjNiZWFkZGEwMDhjOTk1Yjc3YzQ3NDhmODqAAn1xAVUKdGVzdGNvb2tp\nZXECVQZ3b3JrZWRxA3Mu\n"}}, {"pk": "2fcb61a671d63e2d31dccb55ca0748c5", "model": "sessions.session", "fields": {"expire_date": "2013-05-09T19:49:30.938Z", "session_data": "NjY5Y2NlNmI0NDI3YjlkMjNiZWFkZGEwMDhjOTk1Yjc3YzQ3NDhmODqAAn1xAVUKdGVzdGNvb2tp\nZXECVQZ3b3JrZWRxA3Mu\n"}}, {"pk": "d74339b90a53a17404a67ebf021a99cd", "model": "sessions.session", "fields": {"expire_date": "2013-05-09T19:49:33.403Z", "session_data": "NjY5Y2NlNmI0NDI3YjlkMjNiZWFkZGEwMDhjOTk1Yjc3YzQ3NDhmODqAAn1xAVUKdGVzdGNvb2tp\nZXECVQZ3b3JrZWRxA3Mu\n"}}, {"pk": "c925533f57b556fb9d1f2e8e9585ac89", "model": "sessions.session", "fields": {"expire_date": "2013-05-09T19:49:36.349Z", "session_data": "NjY5Y2NlNmI0NDI3YjlkMjNiZWFkZGEwMDhjOTk1Yjc3YzQ3NDhmODqAAn1xAVUKdGVzdGNvb2tp\nZXECVQZ3b3JrZWRxA3Mu\n"}}, {"pk": "ec38fb34215114f8a39585e9938bdea1", "model": "sessions.session", "fields": {"expire_date": "2013-05-09T19:49:47.159Z", "session_data": "NjY5Y2NlNmI0NDI3YjlkMjNiZWFkZGEwMDhjOTk1Yjc3YzQ3NDhmODqAAn1xAVUKdGVzdGNvb2tp\nZXECVQZ3b3JrZWRxA3Mu\n"}}, {"pk": "a3f4eaf2e433b708862b18eb18c9e355", "model": "sessions.session", "fields": {"expire_date": "2013-05-09T19:50:09.425Z", "session_data": "NjY5Y2NlNmI0NDI3YjlkMjNiZWFkZGEwMDhjOTk1Yjc3YzQ3NDhmODqAAn1xAVUKdGVzdGNvb2tp\nZXECVQZ3b3JrZWRxA3Mu\n"}}, {"pk": "767bc13606522f62cb5e7716965b5b8a", "model": "sessions.session", "fields": {"expire_date": "2013-05-09T19:50:15.519Z", "session_data": "NjY5Y2NlNmI0NDI3YjlkMjNiZWFkZGEwMDhjOTk1Yjc3YzQ3NDhmODqAAn1xAVUKdGVzdGNvb2tp\nZXECVQZ3b3JrZWRxA3Mu\n"}}, {"pk": "913b5bdff46804fdbd2e9688df09ffa9", "model": "sessions.session", "fields": {"expire_date": "2013-05-09T19:50:18.416Z", "session_data": "NjY5Y2NlNmI0NDI3YjlkMjNiZWFkZGEwMDhjOTk1Yjc3YzQ3NDhmODqAAn1xAVUKdGVzdGNvb2tp\nZXECVQZ3b3JrZWRxA3Mu\n"}}, {"pk": "233ef6a4ec11ab34670fb3e851a9bff8", "model": "sessions.session", "fields": {"expire_date": "2013-05-09T19:50:21.436Z", "session_data": "NjY5Y2NlNmI0NDI3YjlkMjNiZWFkZGEwMDhjOTk1Yjc3YzQ3NDhmODqAAn1xAVUKdGVzdGNvb2tp\nZXECVQZ3b3JrZWRxA3Mu\n"}}, {"pk": "55c25cf0e1f7833a6dc46684d16da0d6", "model": "sessions.session", "fields": {"expire_date": "2013-05-09T19:50:23.744Z", "session_data": "NjY5Y2NlNmI0NDI3YjlkMjNiZWFkZGEwMDhjOTk1Yjc3YzQ3NDhmODqAAn1xAVUKdGVzdGNvb2tp\nZXECVQZ3b3JrZWRxA3Mu\n"}}, {"pk": "bc5a81487520a7b115bfbfdf8433563f", "model": "sessions.session", "fields": {"expire_date": "2013-05-09T19:50:25.646Z", "session_data": "NjY5Y2NlNmI0NDI3YjlkMjNiZWFkZGEwMDhjOTk1Yjc3YzQ3NDhmODqAAn1xAVUKdGVzdGNvb2tp\nZXECVQZ3b3JrZWRxA3Mu\n"}}, {"pk": "f2d68ec2480ea01e9e32a4f2efd1fd79", "model": "sessions.session", "fields": {"expire_date": "2013-05-09T19:50:32.325Z", "session_data": "NjY5Y2NlNmI0NDI3YjlkMjNiZWFkZGEwMDhjOTk1Yjc3YzQ3NDhmODqAAn1xAVUKdGVzdGNvb2tp\nZXECVQZ3b3JrZWRxA3Mu\n"}}, {"pk": "614a0ddc52dfc7fc472ce2c1c7d8c986", "model": "sessions.session", "fields": {"expire_date": "2013-05-09T19:54:06.072Z", "session_data": "NjY5Y2NlNmI0NDI3YjlkMjNiZWFkZGEwMDhjOTk1Yjc3YzQ3NDhmODqAAn1xAVUKdGVzdGNvb2tp\nZXECVQZ3b3JrZWRxA3Mu\n"}}, {"pk": "000a078c13a5f26cac1695ea234f5639", "model": "sessions.session", "fields": {"expire_date": "2013-05-09T19:54:26.226Z", "session_data": "NjY5Y2NlNmI0NDI3YjlkMjNiZWFkZGEwMDhjOTk1Yjc3YzQ3NDhmODqAAn1xAVUKdGVzdGNvb2tp\nZXECVQZ3b3JrZWRxA3Mu\n"}}, {"pk": "acebfe6a44847cf6f6e4dd54deca73c0", "model": "sessions.session", "fields": {"expire_date": "2013-05-09T21:08:43.505Z", "session_data": "NjY5Y2NlNmI0NDI3YjlkMjNiZWFkZGEwMDhjOTk1Yjc3YzQ3NDhmODqAAn1xAVUKdGVzdGNvb2tp\nZXECVQZ3b3JrZWRxA3Mu\n"}}, {"pk": "bc4c955af9c09461b98549d8f9c69459", "model": "sessions.session", "fields": {"expire_date": "2013-05-09T21:08:45.011Z", "session_data": "NjY5Y2NlNmI0NDI3YjlkMjNiZWFkZGEwMDhjOTk1Yjc3YzQ3NDhmODqAAn1xAVUKdGVzdGNvb2tp\nZXECVQZ3b3JrZWRxA3Mu\n"}}, {"pk": "e5e522f9f4560cabd2dcb348112116b6", "model": "sessions.session", "fields": {"expire_date": "2013-05-09T21:41:15.147Z", "session_data": "NjY5Y2NlNmI0NDI3YjlkMjNiZWFkZGEwMDhjOTk1Yjc3YzQ3NDhmODqAAn1xAVUKdGVzdGNvb2tp\nZXECVQZ3b3JrZWRxA3Mu\n"}}, {"pk": "dc9adeab6588576a5ce29cbaf58b5c7e", "model": "sessions.session", "fields": {"expire_date": "2013-05-09T22:11:35.240Z", "session_data": "NjY5Y2NlNmI0NDI3YjlkMjNiZWFkZGEwMDhjOTk1Yjc3YzQ3NDhmODqAAn1xAVUKdGVzdGNvb2tp\nZXECVQZ3b3JrZWRxA3Mu\n"}}, {"pk": "b84c757ce0b2026082ee1b064d1f6867", "model": "sessions.session", "fields": {"expire_date": "2013-05-09T22:11:46.348Z", "session_data": "NjY5Y2NlNmI0NDI3YjlkMjNiZWFkZGEwMDhjOTk1Yjc3YzQ3NDhmODqAAn1xAVUKdGVzdGNvb2tp\nZXECVQZ3b3JrZWRxA3Mu\n"}}, {"pk": "1bd12ee4e388d1df479d8105dc1bfbea", "model": "sessions.session", "fields": {"expire_date": "2013-05-09T22:20:02.286Z", "session_data": "NjY5Y2NlNmI0NDI3YjlkMjNiZWFkZGEwMDhjOTk1Yjc3YzQ3NDhmODqAAn1xAVUKdGVzdGNvb2tp\nZXECVQZ3b3JrZWRxA3Mu\n"}}, {"pk": "16c51ef3a041c10790338d58002c0851", "model": "sessions.session", "fields": {"expire_date": "2013-05-10T03:34:00.168Z", "session_data": "NjY5Y2NlNmI0NDI3YjlkMjNiZWFkZGEwMDhjOTk1Yjc3YzQ3NDhmODqAAn1xAVUKdGVzdGNvb2tp\nZXECVQZ3b3JrZWRxA3Mu\n"}}, {"pk": "6cedaa6208bb27ddf5c6f6859fa678ef", "model": "sessions.session", "fields": {"expire_date": "2013-05-13T00:02:34.060Z", "session_data": "NTAzMGFiZmFjNTNiN2E2OWI3ZmYxNDc3Y2U0YzcwMGVkYTA3MzdkOTqAAn1xAShVEl9hdXRoX3Vz\nZXJfYmFja2VuZFUpZGphbmdvLmNvbnRyaWIuYXV0aC5iYWNrZW5kcy5Nb2RlbEJhY2tlbmRxAlUN\nX2F1dGhfdXNlcl9pZEsCdS4=\n"}}, {"pk": "2086c7a65532cae594e8ddfd436ac546", "model": "sessions.session", "fields": {"expire_date": "2013-05-10T03:34:04.464Z", "session_data": "NjY5Y2NlNmI0NDI3YjlkMjNiZWFkZGEwMDhjOTk1Yjc3YzQ3NDhmODqAAn1xAVUKdGVzdGNvb2tp\nZXECVQZ3b3JrZWRxA3Mu\n"}}, {"pk": "cd534f772efe266334bb36bf05d935ab", "model": "sessions.session", "fields": {"expire_date": "2013-05-10T03:34:08.749Z", "session_data": "NjY5Y2NlNmI0NDI3YjlkMjNiZWFkZGEwMDhjOTk1Yjc3YzQ3NDhmODqAAn1xAVUKdGVzdGNvb2tp\nZXECVQZ3b3JrZWRxA3Mu\n"}}, {"pk": "8712dc008d57991afd87155110066742", "model": "sessions.session", "fields": {"expire_date": "2013-05-10T03:34:11.400Z", "session_data": "NjY5Y2NlNmI0NDI3YjlkMjNiZWFkZGEwMDhjOTk1Yjc3YzQ3NDhmODqAAn1xAVUKdGVzdGNvb2tp\nZXECVQZ3b3JrZWRxA3Mu\n"}}, {"pk": "40c020b14a37dbc9fa0721802c2b8635", "model": "sessions.session", "fields": {"expire_date": "2013-05-10T04:04:17.702Z", "session_data": "NjY5Y2NlNmI0NDI3YjlkMjNiZWFkZGEwMDhjOTk1Yjc3YzQ3NDhmODqAAn1xAVUKdGVzdGNvb2tp\nZXECVQZ3b3JrZWRxA3Mu\n"}}, {"pk": "1980bf565cb16b05569c56d06b1f2e71", "model": "sessions.session", "fields": {"expire_date": "2013-05-10T04:07:16.070Z", "session_data": "NjY5Y2NlNmI0NDI3YjlkMjNiZWFkZGEwMDhjOTk1Yjc3YzQ3NDhmODqAAn1xAVUKdGVzdGNvb2tp\nZXECVQZ3b3JrZWRxA3Mu\n"}}, {"pk": "397ce5ef858d93514ac1d68fd75cda07", "model": "sessions.session", "fields": {"expire_date": "2013-05-10T04:07:48.628Z", "session_data": "NjY5Y2NlNmI0NDI3YjlkMjNiZWFkZGEwMDhjOTk1Yjc3YzQ3NDhmODqAAn1xAVUKdGVzdGNvb2tp\nZXECVQZ3b3JrZWRxA3Mu\n"}}, {"pk": "a4dfe81b076e025ff93b1d1d43c5c410", "model": "sessions.session", "fields": {"expire_date": "2013-05-10T04:08:53.878Z", "session_data": "NjY5Y2NlNmI0NDI3YjlkMjNiZWFkZGEwMDhjOTk1Yjc3YzQ3NDhmODqAAn1xAVUKdGVzdGNvb2tp\nZXECVQZ3b3JrZWRxA3Mu\n"}}, {"pk": "81a3bb96531f1e23de5f0ccc632da5f6", "model": "sessions.session", "fields": {"expire_date": "2013-05-10T04:09:01.734Z", "session_data": "NjY5Y2NlNmI0NDI3YjlkMjNiZWFkZGEwMDhjOTk1Yjc3YzQ3NDhmODqAAn1xAVUKdGVzdGNvb2tp\nZXECVQZ3b3JrZWRxA3Mu\n"}}, {"pk": "9b44e39f20aab22e948fd160c3139d4a", "model": "sessions.session", "fields": {"expire_date": "2013-05-10T04:10:08.185Z", "session_data": "NjY5Y2NlNmI0NDI3YjlkMjNiZWFkZGEwMDhjOTk1Yjc3YzQ3NDhmODqAAn1xAVUKdGVzdGNvb2tp\nZXECVQZ3b3JrZWRxA3Mu\n"}}, {"pk": "1ef522bb9995e33c01dafeb26bafab0d", "model": "sessions.session", "fields": {"expire_date": "2013-05-10T04:10:10.547Z", "session_data": "NjY5Y2NlNmI0NDI3YjlkMjNiZWFkZGEwMDhjOTk1Yjc3YzQ3NDhmODqAAn1xAVUKdGVzdGNvb2tp\nZXECVQZ3b3JrZWRxA3Mu\n"}}, {"pk": "3aaced75b985dfed14a4fefd918b52e6", "model": "sessions.session", "fields": {"expire_date": "2013-05-10T04:10:16.643Z", "session_data": "NjY5Y2NlNmI0NDI3YjlkMjNiZWFkZGEwMDhjOTk1Yjc3YzQ3NDhmODqAAn1xAVUKdGVzdGNvb2tp\nZXECVQZ3b3JrZWRxA3Mu\n"}}, {"pk": "394d866bac26ef041e4a0fd0787292bc", "model": "sessions.session", "fields": {"expire_date": "2013-05-10T04:21:36.087Z", "session_data": "NjY5Y2NlNmI0NDI3YjlkMjNiZWFkZGEwMDhjOTk1Yjc3YzQ3NDhmODqAAn1xAVUKdGVzdGNvb2tp\nZXECVQZ3b3JrZWRxA3Mu\n"}}, {"pk": "93f32db1ca4d574eabe1a2dc8a0e1d60", "model": "sessions.session", "fields": {"expire_date": "2013-05-10T04:22:25.835Z", "session_data": "NjY5Y2NlNmI0NDI3YjlkMjNiZWFkZGEwMDhjOTk1Yjc3YzQ3NDhmODqAAn1xAVUKdGVzdGNvb2tp\nZXECVQZ3b3JrZWRxA3Mu\n"}}, {"pk": "a7695a7f5271cde2234d2eecf50974b4", "model": "sessions.session", "fields": {"expire_date": "2013-05-10T04:23:24.693Z", "session_data": "NjY5Y2NlNmI0NDI3YjlkMjNiZWFkZGEwMDhjOTk1Yjc3YzQ3NDhmODqAAn1xAVUKdGVzdGNvb2tp\nZXECVQZ3b3JrZWRxA3Mu\n"}}, {"pk": "17122e4ed3a815bb91f59e533e47cb29", "model": "sessions.session", "fields": {"expire_date": "2013-05-10T04:30:50.365Z", "session_data": "NjY5Y2NlNmI0NDI3YjlkMjNiZWFkZGEwMDhjOTk1Yjc3YzQ3NDhmODqAAn1xAVUKdGVzdGNvb2tp\nZXECVQZ3b3JrZWRxA3Mu\n"}}, {"pk": "11b0951cabc4bece078f5b3f21e53250", "model": "sessions.session", "fields": {"expire_date": "2013-05-10T04:32:22.188Z", "session_data": "NjY5Y2NlNmI0NDI3YjlkMjNiZWFkZGEwMDhjOTk1Yjc3YzQ3NDhmODqAAn1xAVUKdGVzdGNvb2tp\nZXECVQZ3b3JrZWRxA3Mu\n"}}, {"pk": "7a2c015b2f578bca7803d6d00c043a18", "model": "sessions.session", "fields": {"expire_date": "2013-05-10T04:32:35.442Z", "session_data": "NjY5Y2NlNmI0NDI3YjlkMjNiZWFkZGEwMDhjOTk1Yjc3YzQ3NDhmODqAAn1xAVUKdGVzdGNvb2tp\nZXECVQZ3b3JrZWRxA3Mu\n"}}, {"pk": "6d1585c02abff2390f76235935cc1bc0", "model": "sessions.session", "fields": {"expire_date": "2013-05-10T04:32:55.291Z", "session_data": "NjY5Y2NlNmI0NDI3YjlkMjNiZWFkZGEwMDhjOTk1Yjc3YzQ3NDhmODqAAn1xAVUKdGVzdGNvb2tp\nZXECVQZ3b3JrZWRxA3Mu\n"}}, {"pk": "a416db74d15884f8af49455d8a86383b", "model": "sessions.session", "fields": {"expire_date": "2013-05-10T06:26:36.626Z", "session_data": "NjY5Y2NlNmI0NDI3YjlkMjNiZWFkZGEwMDhjOTk1Yjc3YzQ3NDhmODqAAn1xAVUKdGVzdGNvb2tp\nZXECVQZ3b3JrZWRxA3Mu\n"}}, {"pk": "c539d75d89cf2a0da96e44dadb4d409d", "model": "sessions.session", "fields": {"expire_date": "2013-05-10T16:54:58.074Z", "session_data": "NjY5Y2NlNmI0NDI3YjlkMjNiZWFkZGEwMDhjOTk1Yjc3YzQ3NDhmODqAAn1xAVUKdGVzdGNvb2tp\nZXECVQZ3b3JrZWRxA3Mu\n"}}, {"pk": "66711ff19eb80706d8aa2e2f08cf5148", "model": "sessions.session", "fields": {"expire_date": "2013-05-11T19:33:26.652Z", "session_data": "NjY5Y2NlNmI0NDI3YjlkMjNiZWFkZGEwMDhjOTk1Yjc3YzQ3NDhmODqAAn1xAVUKdGVzdGNvb2tp\nZXECVQZ3b3JrZWRxA3Mu\n"}}, {"pk": "5cbc93193ed170e28876141d560b0e00", "model": "sessions.session", "fields": {"expire_date": "2013-05-11T19:34:20.653Z", "session_data": "NjY5Y2NlNmI0NDI3YjlkMjNiZWFkZGEwMDhjOTk1Yjc3YzQ3NDhmODqAAn1xAVUKdGVzdGNvb2tp\nZXECVQZ3b3JrZWRxA3Mu\n"}}, {"pk": "8697a4d9319432f7577327eecb0ed512", "model": "sessions.session", "fields": {"expire_date": "2013-05-11T21:41:07.091Z", "session_data": "NjY5Y2NlNmI0NDI3YjlkMjNiZWFkZGEwMDhjOTk1Yjc3YzQ3NDhmODqAAn1xAVUKdGVzdGNvb2tp\nZXECVQZ3b3JrZWRxA3Mu\n"}}, {"pk": "b68c2d8fa134ceb22a73e5141e8d1598", "model": "sessions.session", "fields": {"expire_date": "2013-05-11T21:42:05.908Z", "session_data": "NjY5Y2NlNmI0NDI3YjlkMjNiZWFkZGEwMDhjOTk1Yjc3YzQ3NDhmODqAAn1xAVUKdGVzdGNvb2tp\nZXECVQZ3b3JrZWRxA3Mu\n"}}, {"pk": "66cc4009a3a293969c0073b216bac3d0", "model": "sessions.session", "fields": {"expire_date": "2013-05-11T21:47:59.607Z", "session_data": "NjY5Y2NlNmI0NDI3YjlkMjNiZWFkZGEwMDhjOTk1Yjc3YzQ3NDhmODqAAn1xAVUKdGVzdGNvb2tp\nZXECVQZ3b3JrZWRxA3Mu\n"}}, {"pk": "51858d94a17fc24504ee0f7907925c4c", "model": "sessions.session", "fields": {"expire_date": "2013-05-11T21:49:13.936Z", "session_data": "NjY5Y2NlNmI0NDI3YjlkMjNiZWFkZGEwMDhjOTk1Yjc3YzQ3NDhmODqAAn1xAVUKdGVzdGNvb2tp\nZXECVQZ3b3JrZWRxA3Mu\n"}}, {"pk": "5c1b7371a4e7ce158a0d0fc33e6a211b", "model": "sessions.session", "fields": {"expire_date": "2013-05-11T21:49:34.153Z", "session_data": "NjY5Y2NlNmI0NDI3YjlkMjNiZWFkZGEwMDhjOTk1Yjc3YzQ3NDhmODqAAn1xAVUKdGVzdGNvb2tp\nZXECVQZ3b3JrZWRxA3Mu\n"}}, {"pk": "2d6d81dbba1810ef547d38dcc3ea6816", "model": "sessions.session", "fields": {"expire_date": "2013-05-11T21:49:53.386Z", "session_data": "NjY5Y2NlNmI0NDI3YjlkMjNiZWFkZGEwMDhjOTk1Yjc3YzQ3NDhmODqAAn1xAVUKdGVzdGNvb2tp\nZXECVQZ3b3JrZWRxA3Mu\n"}}, {"pk": "1d22ad4b70e9265736c444bb01132de6", "model": "sessions.session", "fields": {"expire_date": "2013-05-11T21:55:33.615Z", "session_data": "NjY5Y2NlNmI0NDI3YjlkMjNiZWFkZGEwMDhjOTk1Yjc3YzQ3NDhmODqAAn1xAVUKdGVzdGNvb2tp\nZXECVQZ3b3JrZWRxA3Mu\n"}}, {"pk": "e98df5f16e4e14532ec6d3250547669c", "model": "sessions.session", "fields": {"expire_date": "2013-05-11T21:55:35.939Z", "session_data": "NjY5Y2NlNmI0NDI3YjlkMjNiZWFkZGEwMDhjOTk1Yjc3YzQ3NDhmODqAAn1xAVUKdGVzdGNvb2tp\nZXECVQZ3b3JrZWRxA3Mu\n"}}, {"pk": "84ef6a8028e7998fbaef7ebbf6f71959", "model": "sessions.session", "fields": {"expire_date": "2013-05-11T21:56:03.442Z", "session_data": "NjY5Y2NlNmI0NDI3YjlkMjNiZWFkZGEwMDhjOTk1Yjc3YzQ3NDhmODqAAn1xAVUKdGVzdGNvb2tp\nZXECVQZ3b3JrZWRxA3Mu\n"}}, {"pk": "b3fd20109bcc193fbb994660498e81de", "model": "sessions.session", "fields": {"expire_date": "2013-05-11T21:56:09.685Z", "session_data": "NjY5Y2NlNmI0NDI3YjlkMjNiZWFkZGEwMDhjOTk1Yjc3YzQ3NDhmODqAAn1xAVUKdGVzdGNvb2tp\nZXECVQZ3b3JrZWRxA3Mu\n"}}, {"pk": "f8baec786f75973593a052a42b7df45e", "model": "sessions.session", "fields": {"expire_date": "2013-05-11T21:56:25.424Z", "session_data": "NjY5Y2NlNmI0NDI3YjlkMjNiZWFkZGEwMDhjOTk1Yjc3YzQ3NDhmODqAAn1xAVUKdGVzdGNvb2tp\nZXECVQZ3b3JrZWRxA3Mu\n"}}, {"pk": "b86e41bbe906a5b6d3193061c8a5e1a6", "model": "sessions.session", "fields": {"expire_date": "2013-05-11T21:56:28.773Z", "session_data": "NjY5Y2NlNmI0NDI3YjlkMjNiZWFkZGEwMDhjOTk1Yjc3YzQ3NDhmODqAAn1xAVUKdGVzdGNvb2tp\nZXECVQZ3b3JrZWRxA3Mu\n"}}, {"pk": "455d0285d4be981440fae6b7b939c51a", "model": "sessions.session", "fields": {"expire_date": "2013-05-11T21:56:30.458Z", "session_data": "NjY5Y2NlNmI0NDI3YjlkMjNiZWFkZGEwMDhjOTk1Yjc3YzQ3NDhmODqAAn1xAVUKdGVzdGNvb2tp\nZXECVQZ3b3JrZWRxA3Mu\n"}}, {"pk": "4d3581813bf0765ab6a9923b77e1190a", "model": "sessions.session", "fields": {"expire_date": "2013-05-11T21:56:33.842Z", "session_data": "NjY5Y2NlNmI0NDI3YjlkMjNiZWFkZGEwMDhjOTk1Yjc3YzQ3NDhmODqAAn1xAVUKdGVzdGNvb2tp\nZXECVQZ3b3JrZWRxA3Mu\n"}}, {"pk": "9ddaf9e8125f1fa9d314591fb7ed0488", "model": "sessions.session", "fields": {"expire_date": "2013-05-11T21:56:35.266Z", "session_data": "NjY5Y2NlNmI0NDI3YjlkMjNiZWFkZGEwMDhjOTk1Yjc3YzQ3NDhmODqAAn1xAVUKdGVzdGNvb2tp\nZXECVQZ3b3JrZWRxA3Mu\n"}}, {"pk": "dd5e237a1e8bd395e9a5f596f1427a9d", "model": "sessions.session", "fields": {"expire_date": "2013-05-11T21:57:15.659Z", "session_data": "NjY5Y2NlNmI0NDI3YjlkMjNiZWFkZGEwMDhjOTk1Yjc3YzQ3NDhmODqAAn1xAVUKdGVzdGNvb2tp\nZXECVQZ3b3JrZWRxA3Mu\n"}}, {"pk": "0e8decf8b2ca6ef279245ae22dd17cbf", "model": "sessions.session", "fields": {"expire_date": "2013-05-11T21:57:16.857Z", "session_data": "NjY5Y2NlNmI0NDI3YjlkMjNiZWFkZGEwMDhjOTk1Yjc3YzQ3NDhmODqAAn1xAVUKdGVzdGNvb2tp\nZXECVQZ3b3JrZWRxA3Mu\n"}}, {"pk": "9b6d4917d4763092eca9b20c3c287141", "model": "sessions.session", "fields": {"expire_date": "2013-05-11T21:57:18.914Z", "session_data": "NjY5Y2NlNmI0NDI3YjlkMjNiZWFkZGEwMDhjOTk1Yjc3YzQ3NDhmODqAAn1xAVUKdGVzdGNvb2tp\nZXECVQZ3b3JrZWRxA3Mu\n"}}, {"pk": "a3ac25156a21a5db80fa88d7325b9fb9", "model": "sessions.session", "fields": {"expire_date": "2013-05-11T21:57:20.131Z", "session_data": "NjY5Y2NlNmI0NDI3YjlkMjNiZWFkZGEwMDhjOTk1Yjc3YzQ3NDhmODqAAn1xAVUKdGVzdGNvb2tp\nZXECVQZ3b3JrZWRxA3Mu\n"}}, {"pk": "59f9586460c17fad360d5ec20028a57e", "model": "sessions.session", "fields": {"expire_date": "2013-05-11T21:57:31.072Z", "session_data": "NjY5Y2NlNmI0NDI3YjlkMjNiZWFkZGEwMDhjOTk1Yjc3YzQ3NDhmODqAAn1xAVUKdGVzdGNvb2tp\nZXECVQZ3b3JrZWRxA3Mu\n"}}, {"pk": "d3d065db95a1fd554390709c42d61529", "model": "sessions.session", "fields": {"expire_date": "2013-05-11T21:57:33.059Z", "session_data": "NjY5Y2NlNmI0NDI3YjlkMjNiZWFkZGEwMDhjOTk1Yjc3YzQ3NDhmODqAAn1xAVUKdGVzdGNvb2tp\nZXECVQZ3b3JrZWRxA3Mu\n"}}, {"pk": "a1cf6d75a063b65b3e21f9d80510ec88", "model": "sessions.session", "fields": {"expire_date": "2013-05-11T21:59:32.173Z", "session_data": "NjY5Y2NlNmI0NDI3YjlkMjNiZWFkZGEwMDhjOTk1Yjc3YzQ3NDhmODqAAn1xAVUKdGVzdGNvb2tp\nZXECVQZ3b3JrZWRxA3Mu\n"}}, {"pk": "a495e97f32cf0106ef3777c3954fbdb4", "model": "sessions.session", "fields": {"expire_date": "2013-05-11T22:00:54.482Z", "session_data": "NjY5Y2NlNmI0NDI3YjlkMjNiZWFkZGEwMDhjOTk1Yjc3YzQ3NDhmODqAAn1xAVUKdGVzdGNvb2tp\nZXECVQZ3b3JrZWRxA3Mu\n"}}, {"pk": "5a74db21643df05c80b792388452e305", "model": "sessions.session", "fields": {"expire_date": "2013-05-11T22:01:14.362Z", "session_data": "NjY5Y2NlNmI0NDI3YjlkMjNiZWFkZGEwMDhjOTk1Yjc3YzQ3NDhmODqAAn1xAVUKdGVzdGNvb2tp\nZXECVQZ3b3JrZWRxA3Mu\n"}}, {"pk": "008d8a1493f2e3086d36dd260beb4c5d", "model": "sessions.session", "fields": {"expire_date": "2013-05-11T23:14:53.081Z", "session_data": "NjY5Y2NlNmI0NDI3YjlkMjNiZWFkZGEwMDhjOTk1Yjc3YzQ3NDhmODqAAn1xAVUKdGVzdGNvb2tp\nZXECVQZ3b3JrZWRxA3Mu\n"}}, {"pk": "716fe42820c70386989c24914ec56260", "model": "sessions.session", "fields": {"expire_date": "2013-05-11T23:14:56.847Z", "session_data": "NjY5Y2NlNmI0NDI3YjlkMjNiZWFkZGEwMDhjOTk1Yjc3YzQ3NDhmODqAAn1xAVUKdGVzdGNvb2tp\nZXECVQZ3b3JrZWRxA3Mu\n"}}, {"pk": "22ae623dc4072d429ee3bb74cfa49e40", "model": "sessions.session", "fields": {"expire_date": "2013-05-11T23:15:03.447Z", "session_data": "NjY5Y2NlNmI0NDI3YjlkMjNiZWFkZGEwMDhjOTk1Yjc3YzQ3NDhmODqAAn1xAVUKdGVzdGNvb2tp\nZXECVQZ3b3JrZWRxA3Mu\n"}}, {"pk": "48cf4f8656ba70090a9bfdd98ff64d66", "model": "sessions.session", "fields": {"expire_date": "2013-05-11T23:15:08.421Z", "session_data": "NjY5Y2NlNmI0NDI3YjlkMjNiZWFkZGEwMDhjOTk1Yjc3YzQ3NDhmODqAAn1xAVUKdGVzdGNvb2tp\nZXECVQZ3b3JrZWRxA3Mu\n"}}, {"pk": "8a37227f676d24d1957af63aa536bae3", "model": "sessions.session", "fields": {"expire_date": "2013-05-11T23:22:16.944Z", "session_data": "NjY5Y2NlNmI0NDI3YjlkMjNiZWFkZGEwMDhjOTk1Yjc3YzQ3NDhmODqAAn1xAVUKdGVzdGNvb2tp\nZXECVQZ3b3JrZWRxA3Mu\n"}}, {"pk": "997172ec36bd7d82ee761fbf386c57b9", "model": "sessions.session", "fields": {"expire_date": "2013-05-11T23:23:05.747Z", "session_data": "NjY5Y2NlNmI0NDI3YjlkMjNiZWFkZGEwMDhjOTk1Yjc3YzQ3NDhmODqAAn1xAVUKdGVzdGNvb2tp\nZXECVQZ3b3JrZWRxA3Mu\n"}}, {"pk": "42fffa22d181abbdab0dcf6a00c474a5", "model": "sessions.session", "fields": {"expire_date": "2013-05-11T23:28:47.340Z", "session_data": "NjY5Y2NlNmI0NDI3YjlkMjNiZWFkZGEwMDhjOTk1Yjc3YzQ3NDhmODqAAn1xAVUKdGVzdGNvb2tp\nZXECVQZ3b3JrZWRxA3Mu\n"}}, {"pk": "9d4be6c0aeb98569241bb59059ec5679", "model": "sessions.session", "fields": {"expire_date": "2013-05-11T23:33:01.944Z", "session_data": "NjY5Y2NlNmI0NDI3YjlkMjNiZWFkZGEwMDhjOTk1Yjc3YzQ3NDhmODqAAn1xAVUKdGVzdGNvb2tp\nZXECVQZ3b3JrZWRxA3Mu\n"}}, {"pk": "c9efe5931ed7128d589f714c104dad76", "model": "sessions.session", "fields": {"expire_date": "2013-05-11T23:33:26.276Z", "session_data": "NjY5Y2NlNmI0NDI3YjlkMjNiZWFkZGEwMDhjOTk1Yjc3YzQ3NDhmODqAAn1xAVUKdGVzdGNvb2tp\nZXECVQZ3b3JrZWRxA3Mu\n"}}, {"pk": "80a5abbbf225e6e06008bf237a8dacab", "model": "sessions.session", "fields": {"expire_date": "2013-05-11T23:33:36.360Z", "session_data": "NjY5Y2NlNmI0NDI3YjlkMjNiZWFkZGEwMDhjOTk1Yjc3YzQ3NDhmODqAAn1xAVUKdGVzdGNvb2tp\nZXECVQZ3b3JrZWRxA3Mu\n"}}, {"pk": "6ded502eedffd3bdc8d473d656811c65", "model": "sessions.session", "fields": {"expire_date": "2013-05-11T23:34:44.877Z", "session_data": "NjY5Y2NlNmI0NDI3YjlkMjNiZWFkZGEwMDhjOTk1Yjc3YzQ3NDhmODqAAn1xAVUKdGVzdGNvb2tp\nZXECVQZ3b3JrZWRxA3Mu\n"}}, {"pk": "6b845c037f3c685f1932e91330b61db2", "model": "sessions.session", "fields": {"expire_date": "2013-05-11T23:34:58.979Z", "session_data": "NjY5Y2NlNmI0NDI3YjlkMjNiZWFkZGEwMDhjOTk1Yjc3YzQ3NDhmODqAAn1xAVUKdGVzdGNvb2tp\nZXECVQZ3b3JrZWRxA3Mu\n"}}, {"pk": "9279749d005432fec2ac3c976a623a3e", "model": "sessions.session", "fields": {"expire_date": "2013-05-11T23:35:00.729Z", "session_data": "NjY5Y2NlNmI0NDI3YjlkMjNiZWFkZGEwMDhjOTk1Yjc3YzQ3NDhmODqAAn1xAVUKdGVzdGNvb2tp\nZXECVQZ3b3JrZWRxA3Mu\n"}}, {"pk": "a2681ab19c4325e0f1f2c58aa6115997", "model": "sessions.session", "fields": {"expire_date": "2013-05-11T23:35:57.209Z", "session_data": "NjY5Y2NlNmI0NDI3YjlkMjNiZWFkZGEwMDhjOTk1Yjc3YzQ3NDhmODqAAn1xAVUKdGVzdGNvb2tp\nZXECVQZ3b3JrZWRxA3Mu\n"}}, {"pk": "516f240d2ce71bf259c8f224e007eea1", "model": "sessions.session", "fields": {"expire_date": "2013-05-11T23:36:08.744Z", "session_data": "NjY5Y2NlNmI0NDI3YjlkMjNiZWFkZGEwMDhjOTk1Yjc3YzQ3NDhmODqAAn1xAVUKdGVzdGNvb2tp\nZXECVQZ3b3JrZWRxA3Mu\n"}}, {"pk": "81ae0efa0acc579e604a5b92e1d44ff0", "model": "sessions.session", "fields": {"expire_date": "2013-05-11T23:48:41.227Z", "session_data": "NjY5Y2NlNmI0NDI3YjlkMjNiZWFkZGEwMDhjOTk1Yjc3YzQ3NDhmODqAAn1xAVUKdGVzdGNvb2tp\nZXECVQZ3b3JrZWRxA3Mu\n"}}, {"pk": "343f060757e273fa79757f6ffcb6996f", "model": "sessions.session", "fields": {"expire_date": "2013-05-11T23:48:45.909Z", "session_data": "NjY5Y2NlNmI0NDI3YjlkMjNiZWFkZGEwMDhjOTk1Yjc3YzQ3NDhmODqAAn1xAVUKdGVzdGNvb2tp\nZXECVQZ3b3JrZWRxA3Mu\n"}}, {"pk": "bee6a6b747b613bf82abb3e7ae69d5b7", "model": "sessions.session", "fields": {"expire_date": "2013-05-11T23:56:54.902Z", "session_data": "NjY5Y2NlNmI0NDI3YjlkMjNiZWFkZGEwMDhjOTk1Yjc3YzQ3NDhmODqAAn1xAVUKdGVzdGNvb2tp\nZXECVQZ3b3JrZWRxA3Mu\n"}}, {"pk": "8c1e7cbb4d3a81e6beee83e429774889", "model": "sessions.session", "fields": {"expire_date": "2013-05-11T23:57:19.088Z", "session_data": "NjY5Y2NlNmI0NDI3YjlkMjNiZWFkZGEwMDhjOTk1Yjc3YzQ3NDhmODqAAn1xAVUKdGVzdGNvb2tp\nZXECVQZ3b3JrZWRxA3Mu\n"}}, {"pk": "ad674f574ddd1f86d7569baa6ad2b68e", "model": "sessions.session", "fields": {"expire_date": "2013-05-11T23:57:26.023Z", "session_data": "NjY5Y2NlNmI0NDI3YjlkMjNiZWFkZGEwMDhjOTk1Yjc3YzQ3NDhmODqAAn1xAVUKdGVzdGNvb2tp\nZXECVQZ3b3JrZWRxA3Mu\n"}}, {"pk": "bf80580b3ac1e1f897985a197a57f35b", "model": "sessions.session", "fields": {"expire_date": "2013-05-11T23:57:28.370Z", "session_data": "NjY5Y2NlNmI0NDI3YjlkMjNiZWFkZGEwMDhjOTk1Yjc3YzQ3NDhmODqAAn1xAVUKdGVzdGNvb2tp\nZXECVQZ3b3JrZWRxA3Mu\n"}}, {"pk": "4fffee6f573cbf20c063003758532860", "model": "sessions.session", "fields": {"expire_date": "2013-05-12T00:09:19.976Z", "session_data": "NjY5Y2NlNmI0NDI3YjlkMjNiZWFkZGEwMDhjOTk1Yjc3YzQ3NDhmODqAAn1xAVUKdGVzdGNvb2tp\nZXECVQZ3b3JrZWRxA3Mu\n"}}, {"pk": "ffbc890456660986d47ae9132a072eb2", "model": "sessions.session", "fields": {"expire_date": "2013-05-12T00:09:30.136Z", "session_data": "NjY5Y2NlNmI0NDI3YjlkMjNiZWFkZGEwMDhjOTk1Yjc3YzQ3NDhmODqAAn1xAVUKdGVzdGNvb2tp\nZXECVQZ3b3JrZWRxA3Mu\n"}}, {"pk": "4e329b68553696d3a154394c7e4b2a6a", "model": "sessions.session", "fields": {"expire_date": "2013-05-12T00:09:38.307Z", "session_data": "NjY5Y2NlNmI0NDI3YjlkMjNiZWFkZGEwMDhjOTk1Yjc3YzQ3NDhmODqAAn1xAVUKdGVzdGNvb2tp\nZXECVQZ3b3JrZWRxA3Mu\n"}}, {"pk": "08e8292e090b275d5c85e21660c42ec6", "model": "sessions.session", "fields": {"expire_date": "2013-05-12T00:09:58.376Z", "session_data": "NjY5Y2NlNmI0NDI3YjlkMjNiZWFkZGEwMDhjOTk1Yjc3YzQ3NDhmODqAAn1xAVUKdGVzdGNvb2tp\nZXECVQZ3b3JrZWRxA3Mu\n"}}, {"pk": "ccc03e0466b6a7f3f9258bec45d550f8", "model": "sessions.session", "fields": {"expire_date": "2013-05-12T00:10:01.215Z", "session_data": "NjY5Y2NlNmI0NDI3YjlkMjNiZWFkZGEwMDhjOTk1Yjc3YzQ3NDhmODqAAn1xAVUKdGVzdGNvb2tp\nZXECVQZ3b3JrZWRxA3Mu\n"}}, {"pk": "6c0cb1124c0eba7add57b1004598da98", "model": "sessions.session", "fields": {"expire_date": "2013-05-12T00:10:11.924Z", "session_data": "NjY5Y2NlNmI0NDI3YjlkMjNiZWFkZGEwMDhjOTk1Yjc3YzQ3NDhmODqAAn1xAVUKdGVzdGNvb2tp\nZXECVQZ3b3JrZWRxA3Mu\n"}}, {"pk": "adb77bf46497693c0b27fe752e5d72e6", "model": "sessions.session", "fields": {"expire_date": "2013-05-12T00:10:16.392Z", "session_data": "NjY5Y2NlNmI0NDI3YjlkMjNiZWFkZGEwMDhjOTk1Yjc3YzQ3NDhmODqAAn1xAVUKdGVzdGNvb2tp\nZXECVQZ3b3JrZWRxA3Mu\n"}}, {"pk": "d0f2d7faba1529f55996e2e48b9e16f0", "model": "sessions.session", "fields": {"expire_date": "2013-05-12T00:10:31.448Z", "session_data": "NjY5Y2NlNmI0NDI3YjlkMjNiZWFkZGEwMDhjOTk1Yjc3YzQ3NDhmODqAAn1xAVUKdGVzdGNvb2tp\nZXECVQZ3b3JrZWRxA3Mu\n"}}, {"pk": "630c728e5fc2509b8ccbd773ccf56754", "model": "sessions.session", "fields": {"expire_date": "2013-05-12T00:11:18.253Z", "session_data": "NjY5Y2NlNmI0NDI3YjlkMjNiZWFkZGEwMDhjOTk1Yjc3YzQ3NDhmODqAAn1xAVUKdGVzdGNvb2tp\nZXECVQZ3b3JrZWRxA3Mu\n"}}, {"pk": "8953fe830f4685c1e3a85dd541bdd65e", "model": "sessions.session", "fields": {"expire_date": "2013-05-12T00:11:33.007Z", "session_data": "NjY5Y2NlNmI0NDI3YjlkMjNiZWFkZGEwMDhjOTk1Yjc3YzQ3NDhmODqAAn1xAVUKdGVzdGNvb2tp\nZXECVQZ3b3JrZWRxA3Mu\n"}}, {"pk": "e4f13c62ea25a4d5c268c001808b1178", "model": "sessions.session", "fields": {"expire_date": "2013-05-12T00:11:51.178Z", "session_data": "NjY5Y2NlNmI0NDI3YjlkMjNiZWFkZGEwMDhjOTk1Yjc3YzQ3NDhmODqAAn1xAVUKdGVzdGNvb2tp\nZXECVQZ3b3JrZWRxA3Mu\n"}}, {"pk": "84854de2eff9123da7819f98573bdffc", "model": "sessions.session", "fields": {"expire_date": "2013-05-12T00:11:54.050Z", "session_data": "NjY5Y2NlNmI0NDI3YjlkMjNiZWFkZGEwMDhjOTk1Yjc3YzQ3NDhmODqAAn1xAVUKdGVzdGNvb2tp\nZXECVQZ3b3JrZWRxA3Mu\n"}}, {"pk": "d022f9a5c79e9fdd2b483eba73be5a9b", "model": "sessions.session", "fields": {"expire_date": "2013-05-12T00:11:55.529Z", "session_data": "NjY5Y2NlNmI0NDI3YjlkMjNiZWFkZGEwMDhjOTk1Yjc3YzQ3NDhmODqAAn1xAVUKdGVzdGNvb2tp\nZXECVQZ3b3JrZWRxA3Mu\n"}}, {"pk": "9243d7a8a1fa1f18624423f711897377", "model": "sessions.session", "fields": {"expire_date": "2013-05-12T00:12:00.124Z", "session_data": "NjY5Y2NlNmI0NDI3YjlkMjNiZWFkZGEwMDhjOTk1Yjc3YzQ3NDhmODqAAn1xAVUKdGVzdGNvb2tp\nZXECVQZ3b3JrZWRxA3Mu\n"}}, {"pk": "c70a147e670820f8cf30ae86c645a5f8", "model": "sessions.session", "fields": {"expire_date": "2013-05-12T00:12:35.971Z", "session_data": "NjY5Y2NlNmI0NDI3YjlkMjNiZWFkZGEwMDhjOTk1Yjc3YzQ3NDhmODqAAn1xAVUKdGVzdGNvb2tp\nZXECVQZ3b3JrZWRxA3Mu\n"}}, {"pk": "0cfc0b79792d781d4f2031455af7bc30", "model": "sessions.session", "fields": {"expire_date": "2013-05-12T00:12:40.855Z", "session_data": "NjY5Y2NlNmI0NDI3YjlkMjNiZWFkZGEwMDhjOTk1Yjc3YzQ3NDhmODqAAn1xAVUKdGVzdGNvb2tp\nZXECVQZ3b3JrZWRxA3Mu\n"}}, {"pk": "c103106d28141249d7cfa1bb5e4002e4", "model": "sessions.session", "fields": {"expire_date": "2013-05-12T00:12:42.380Z", "session_data": "NjY5Y2NlNmI0NDI3YjlkMjNiZWFkZGEwMDhjOTk1Yjc3YzQ3NDhmODqAAn1xAVUKdGVzdGNvb2tp\nZXECVQZ3b3JrZWRxA3Mu\n"}}, {"pk": "86fbd103ba042102584565913b4fb21f", "model": "sessions.session", "fields": {"expire_date": "2013-05-12T00:12:46.382Z", "session_data": "NjY5Y2NlNmI0NDI3YjlkMjNiZWFkZGEwMDhjOTk1Yjc3YzQ3NDhmODqAAn1xAVUKdGVzdGNvb2tp\nZXECVQZ3b3JrZWRxA3Mu\n"}}, {"pk": "cceb43dfa1713f682b85163b697fe175", "model": "sessions.session", "fields": {"expire_date": "2013-05-12T00:12:47.634Z", "session_data": "NjY5Y2NlNmI0NDI3YjlkMjNiZWFkZGEwMDhjOTk1Yjc3YzQ3NDhmODqAAn1xAVUKdGVzdGNvb2tp\nZXECVQZ3b3JrZWRxA3Mu\n"}}, {"pk": "96002d561d5a4bff507f3732e7626508", "model": "sessions.session", "fields": {"expire_date": "2013-05-12T00:12:49.799Z", "session_data": "NjY5Y2NlNmI0NDI3YjlkMjNiZWFkZGEwMDhjOTk1Yjc3YzQ3NDhmODqAAn1xAVUKdGVzdGNvb2tp\nZXECVQZ3b3JrZWRxA3Mu\n"}}, {"pk": "ebf35b3b44fe1407f2ac47209a88b4a4", "model": "sessions.session", "fields": {"expire_date": "2013-05-12T00:12:51.334Z", "session_data": "NjY5Y2NlNmI0NDI3YjlkMjNiZWFkZGEwMDhjOTk1Yjc3YzQ3NDhmODqAAn1xAVUKdGVzdGNvb2tp\nZXECVQZ3b3JrZWRxA3Mu\n"}}, {"pk": "f70afe51809c299b89c166babd9e713b", "model": "sessions.session", "fields": {"expire_date": "2013-05-12T00:12:54.156Z", "session_data": "NjY5Y2NlNmI0NDI3YjlkMjNiZWFkZGEwMDhjOTk1Yjc3YzQ3NDhmODqAAn1xAVUKdGVzdGNvb2tp\nZXECVQZ3b3JrZWRxA3Mu\n"}}, {"pk": "aae62a39074d23a03bf642e50eae6280", "model": "sessions.session", "fields": {"expire_date": "2013-05-12T00:12:57.428Z", "session_data": "NjY5Y2NlNmI0NDI3YjlkMjNiZWFkZGEwMDhjOTk1Yjc3YzQ3NDhmODqAAn1xAVUKdGVzdGNvb2tp\nZXECVQZ3b3JrZWRxA3Mu\n"}}, {"pk": "4b62e3daa256764f3e2414335ff60b5d", "model": "sessions.session", "fields": {"expire_date": "2013-05-12T00:13:01.745Z", "session_data": "NjY5Y2NlNmI0NDI3YjlkMjNiZWFkZGEwMDhjOTk1Yjc3YzQ3NDhmODqAAn1xAVUKdGVzdGNvb2tp\nZXECVQZ3b3JrZWRxA3Mu\n"}}, {"pk": "49649e30641c17f3ba371703e7fc738f", "model": "sessions.session", "fields": {"expire_date": "2013-05-12T00:13:03.517Z", "session_data": "NjY5Y2NlNmI0NDI3YjlkMjNiZWFkZGEwMDhjOTk1Yjc3YzQ3NDhmODqAAn1xAVUKdGVzdGNvb2tp\nZXECVQZ3b3JrZWRxA3Mu\n"}}, {"pk": "711072929898e6d6f64127f31a429c9a", "model": "sessions.session", "fields": {"expire_date": "2013-05-12T00:13:54.953Z", "session_data": "NjY5Y2NlNmI0NDI3YjlkMjNiZWFkZGEwMDhjOTk1Yjc3YzQ3NDhmODqAAn1xAVUKdGVzdGNvb2tp\nZXECVQZ3b3JrZWRxA3Mu\n"}}, {"pk": "dde5581707b5fbc3130202cd604c3d4e", "model": "sessions.session", "fields": {"expire_date": "2013-05-12T00:14:01.078Z", "session_data": "NjY5Y2NlNmI0NDI3YjlkMjNiZWFkZGEwMDhjOTk1Yjc3YzQ3NDhmODqAAn1xAVUKdGVzdGNvb2tp\nZXECVQZ3b3JrZWRxA3Mu\n"}}, {"pk": "6ec5c3e7460d26242dd631d36b59803f", "model": "sessions.session", "fields": {"expire_date": "2013-05-12T00:14:05.425Z", "session_data": "NjY5Y2NlNmI0NDI3YjlkMjNiZWFkZGEwMDhjOTk1Yjc3YzQ3NDhmODqAAn1xAVUKdGVzdGNvb2tp\nZXECVQZ3b3JrZWRxA3Mu\n"}}, {"pk": "3d86f90aa7919ee40755d18a5f56fe32", "model": "sessions.session", "fields": {"expire_date": "2013-05-12T00:14:10.381Z", "session_data": "NjY5Y2NlNmI0NDI3YjlkMjNiZWFkZGEwMDhjOTk1Yjc3YzQ3NDhmODqAAn1xAVUKdGVzdGNvb2tp\nZXECVQZ3b3JrZWRxA3Mu\n"}}, {"pk": "b43086c23fcc472e4966d34f3d6e54ec", "model": "sessions.session", "fields": {"expire_date": "2013-05-12T00:14:27.377Z", "session_data": "NjY5Y2NlNmI0NDI3YjlkMjNiZWFkZGEwMDhjOTk1Yjc3YzQ3NDhmODqAAn1xAVUKdGVzdGNvb2tp\nZXECVQZ3b3JrZWRxA3Mu\n"}}, {"pk": "73e40c46a36197f6e77faa327ebf4e9c", "model": "sessions.session", "fields": {"expire_date": "2013-05-12T00:14:37.620Z", "session_data": "NjY5Y2NlNmI0NDI3YjlkMjNiZWFkZGEwMDhjOTk1Yjc3YzQ3NDhmODqAAn1xAVUKdGVzdGNvb2tp\nZXECVQZ3b3JrZWRxA3Mu\n"}}, {"pk": "de96b1134cca4b9169112c35a432b570", "model": "sessions.session", "fields": {"expire_date": "2013-05-12T00:14:40.014Z", "session_data": "NjY5Y2NlNmI0NDI3YjlkMjNiZWFkZGEwMDhjOTk1Yjc3YzQ3NDhmODqAAn1xAVUKdGVzdGNvb2tp\nZXECVQZ3b3JrZWRxA3Mu\n"}}, {"pk": "1c310efca57b75a7bcf70c0ffec081f4", "model": "sessions.session", "fields": {"expire_date": "2013-05-12T00:14:52.043Z", "session_data": "NjY5Y2NlNmI0NDI3YjlkMjNiZWFkZGEwMDhjOTk1Yjc3YzQ3NDhmODqAAn1xAVUKdGVzdGNvb2tp\nZXECVQZ3b3JrZWRxA3Mu\n"}}, {"pk": "ef73caa972779b33c4e9bbc416b4c410", "model": "sessions.session", "fields": {"expire_date": "2013-05-12T00:14:54.088Z", "session_data": "NjY5Y2NlNmI0NDI3YjlkMjNiZWFkZGEwMDhjOTk1Yjc3YzQ3NDhmODqAAn1xAVUKdGVzdGNvb2tp\nZXECVQZ3b3JrZWRxA3Mu\n"}}, {"pk": "b1ce7d44ee91574465192af3ed8978ae", "model": "sessions.session", "fields": {"expire_date": "2013-05-12T00:14:58.664Z", "session_data": "NjY5Y2NlNmI0NDI3YjlkMjNiZWFkZGEwMDhjOTk1Yjc3YzQ3NDhmODqAAn1xAVUKdGVzdGNvb2tp\nZXECVQZ3b3JrZWRxA3Mu\n"}}, {"pk": "84abfdabf2c63ef29a22a36f935e6d66", "model": "sessions.session", "fields": {"expire_date": "2013-05-12T00:15:02.638Z", "session_data": "NjY5Y2NlNmI0NDI3YjlkMjNiZWFkZGEwMDhjOTk1Yjc3YzQ3NDhmODqAAn1xAVUKdGVzdGNvb2tp\nZXECVQZ3b3JrZWRxA3Mu\n"}}, {"pk": "a8b2361f140bda480ba171b57932b6ec", "model": "sessions.session", "fields": {"expire_date": "2013-05-12T00:15:12.384Z", "session_data": "NjY5Y2NlNmI0NDI3YjlkMjNiZWFkZGEwMDhjOTk1Yjc3YzQ3NDhmODqAAn1xAVUKdGVzdGNvb2tp\nZXECVQZ3b3JrZWRxA3Mu\n"}}, {"pk": "0ddb8438ba367aaab2264534d3b85f1d", "model": "sessions.session", "fields": {"expire_date": "2013-05-12T00:15:22.242Z", "session_data": "NjY5Y2NlNmI0NDI3YjlkMjNiZWFkZGEwMDhjOTk1Yjc3YzQ3NDhmODqAAn1xAVUKdGVzdGNvb2tp\nZXECVQZ3b3JrZWRxA3Mu\n"}}, {"pk": "d6bf79779ce6bac6f21f15b24393d20e", "model": "sessions.session", "fields": {"expire_date": "2013-05-12T00:15:22.865Z", "session_data": "NjY5Y2NlNmI0NDI3YjlkMjNiZWFkZGEwMDhjOTk1Yjc3YzQ3NDhmODqAAn1xAVUKdGVzdGNvb2tp\nZXECVQZ3b3JrZWRxA3Mu\n"}}, {"pk": "5557cdcc84631c4cb70307f6641f6f6a", "model": "sessions.session", "fields": {"expire_date": "2013-05-12T00:15:23.478Z", "session_data": "NjY5Y2NlNmI0NDI3YjlkMjNiZWFkZGEwMDhjOTk1Yjc3YzQ3NDhmODqAAn1xAVUKdGVzdGNvb2tp\nZXECVQZ3b3JrZWRxA3Mu\n"}}, {"pk": "2019ad7e413dcafd8863d7205688aafa", "model": "sessions.session", "fields": {"expire_date": "2013-05-12T00:15:24.522Z", "session_data": "NjY5Y2NlNmI0NDI3YjlkMjNiZWFkZGEwMDhjOTk1Yjc3YzQ3NDhmODqAAn1xAVUKdGVzdGNvb2tp\nZXECVQZ3b3JrZWRxA3Mu\n"}}, {"pk": "b6a7a52f025604161617edba978f792e", "model": "sessions.session", "fields": {"expire_date": "2013-05-12T00:15:24.816Z", "session_data": "NjY5Y2NlNmI0NDI3YjlkMjNiZWFkZGEwMDhjOTk1Yjc3YzQ3NDhmODqAAn1xAVUKdGVzdGNvb2tp\nZXECVQZ3b3JrZWRxA3Mu\n"}}, {"pk": "bdb6c19bfccbdf6a36fba49a202e0e37", "model": "sessions.session", "fields": {"expire_date": "2013-05-12T00:15:25.366Z", "session_data": "NjY5Y2NlNmI0NDI3YjlkMjNiZWFkZGEwMDhjOTk1Yjc3YzQ3NDhmODqAAn1xAVUKdGVzdGNvb2tp\nZXECVQZ3b3JrZWRxA3Mu\n"}}, {"pk": "4fb9a36022ead76c8e1f558c477059d6", "model": "sessions.session", "fields": {"expire_date": "2013-05-12T00:15:27.306Z", "session_data": "NjY5Y2NlNmI0NDI3YjlkMjNiZWFkZGEwMDhjOTk1Yjc3YzQ3NDhmODqAAn1xAVUKdGVzdGNvb2tp\nZXECVQZ3b3JrZWRxA3Mu\n"}}, {"pk": "835063c7381006332e131cf393336b98", "model": "sessions.session", "fields": {"expire_date": "2013-05-12T00:15:28.315Z", "session_data": "NjY5Y2NlNmI0NDI3YjlkMjNiZWFkZGEwMDhjOTk1Yjc3YzQ3NDhmODqAAn1xAVUKdGVzdGNvb2tp\nZXECVQZ3b3JrZWRxA3Mu\n"}}, {"pk": "ce7e69a575423cacfbc973c62bcec215", "model": "sessions.session", "fields": {"expire_date": "2013-05-12T00:15:29.650Z", "session_data": "NjY5Y2NlNmI0NDI3YjlkMjNiZWFkZGEwMDhjOTk1Yjc3YzQ3NDhmODqAAn1xAVUKdGVzdGNvb2tp\nZXECVQZ3b3JrZWRxA3Mu\n"}}, {"pk": "d3858a8f1f6836cd2fc0355e5e0336e2", "model": "sessions.session", "fields": {"expire_date": "2013-05-12T00:15:32.424Z", "session_data": "NjY5Y2NlNmI0NDI3YjlkMjNiZWFkZGEwMDhjOTk1Yjc3YzQ3NDhmODqAAn1xAVUKdGVzdGNvb2tp\nZXECVQZ3b3JrZWRxA3Mu\n"}}, {"pk": "f95ad5506d1a54c41f4bd245c9d79eae", "model": "sessions.session", "fields": {"expire_date": "2013-05-12T00:17:12.401Z", "session_data": "NjY5Y2NlNmI0NDI3YjlkMjNiZWFkZGEwMDhjOTk1Yjc3YzQ3NDhmODqAAn1xAVUKdGVzdGNvb2tp\nZXECVQZ3b3JrZWRxA3Mu\n"}}, {"pk": "23e48d75673c9f9f37f10a848a61f761", "model": "sessions.session", "fields": {"expire_date": "2013-05-12T00:17:35.852Z", "session_data": "NjY5Y2NlNmI0NDI3YjlkMjNiZWFkZGEwMDhjOTk1Yjc3YzQ3NDhmODqAAn1xAVUKdGVzdGNvb2tp\nZXECVQZ3b3JrZWRxA3Mu\n"}}, {"pk": "df849f0cbba1535e84a818e4566b4c28", "model": "sessions.session", "fields": {"expire_date": "2013-05-12T00:17:38.908Z", "session_data": "NjY5Y2NlNmI0NDI3YjlkMjNiZWFkZGEwMDhjOTk1Yjc3YzQ3NDhmODqAAn1xAVUKdGVzdGNvb2tp\nZXECVQZ3b3JrZWRxA3Mu\n"}}, {"pk": "7237c0a2285c81bd7125ec7c1ba20eb0", "model": "sessions.session", "fields": {"expire_date": "2013-05-12T00:17:44.838Z", "session_data": "NjY5Y2NlNmI0NDI3YjlkMjNiZWFkZGEwMDhjOTk1Yjc3YzQ3NDhmODqAAn1xAVUKdGVzdGNvb2tp\nZXECVQZ3b3JrZWRxA3Mu\n"}}, {"pk": "438aef4069e2a7b9167733a12d8954a9", "model": "sessions.session", "fields": {"expire_date": "2013-05-12T00:38:24.178Z", "session_data": "NjY5Y2NlNmI0NDI3YjlkMjNiZWFkZGEwMDhjOTk1Yjc3YzQ3NDhmODqAAn1xAVUKdGVzdGNvb2tp\nZXECVQZ3b3JrZWRxA3Mu\n"}}, {"pk": "f119c6ce02b0239006d18a3874ea2978", "model": "sessions.session", "fields": {"expire_date": "2013-05-12T00:42:09.714Z", "session_data": "NjY5Y2NlNmI0NDI3YjlkMjNiZWFkZGEwMDhjOTk1Yjc3YzQ3NDhmODqAAn1xAVUKdGVzdGNvb2tp\nZXECVQZ3b3JrZWRxA3Mu\n"}}, {"pk": "7098f91eac546e2592aa90b9b58e04e0", "model": "sessions.session", "fields": {"expire_date": "2013-05-12T00:42:12.252Z", "session_data": "NjY5Y2NlNmI0NDI3YjlkMjNiZWFkZGEwMDhjOTk1Yjc3YzQ3NDhmODqAAn1xAVUKdGVzdGNvb2tp\nZXECVQZ3b3JrZWRxA3Mu\n"}}, {"pk": "30e5f44e4265babb392964e15159b148", "model": "sessions.session", "fields": {"expire_date": "2013-05-12T00:44:49.240Z", "session_data": "NjY5Y2NlNmI0NDI3YjlkMjNiZWFkZGEwMDhjOTk1Yjc3YzQ3NDhmODqAAn1xAVUKdGVzdGNvb2tp\nZXECVQZ3b3JrZWRxA3Mu\n"}}, {"pk": "42ec73ad3c53588d9405afbc03ced246", "model": "sessions.session", "fields": {"expire_date": "2013-05-12T02:02:38.471Z", "session_data": "NjY5Y2NlNmI0NDI3YjlkMjNiZWFkZGEwMDhjOTk1Yjc3YzQ3NDhmODqAAn1xAVUKdGVzdGNvb2tp\nZXECVQZ3b3JrZWRxA3Mu\n"}}, {"pk": "dfd5a6ec7e51763a8eb1cf87193e245e", "model": "sessions.session", "fields": {"expire_date": "2013-05-12T02:03:02.661Z", "session_data": "NjY5Y2NlNmI0NDI3YjlkMjNiZWFkZGEwMDhjOTk1Yjc3YzQ3NDhmODqAAn1xAVUKdGVzdGNvb2tp\nZXECVQZ3b3JrZWRxA3Mu\n"}}, {"pk": "82a45e08e7390cb9910d5613b40b195f", "model": "sessions.session", "fields": {"expire_date": "2013-05-12T02:03:21.094Z", "session_data": "NjY5Y2NlNmI0NDI3YjlkMjNiZWFkZGEwMDhjOTk1Yjc3YzQ3NDhmODqAAn1xAVUKdGVzdGNvb2tp\nZXECVQZ3b3JrZWRxA3Mu\n"}}, {"pk": "dec84e2eddb2d08082a48e88ce98e9c9", "model": "sessions.session", "fields": {"expire_date": "2013-05-12T02:03:23.022Z", "session_data": "NjY5Y2NlNmI0NDI3YjlkMjNiZWFkZGEwMDhjOTk1Yjc3YzQ3NDhmODqAAn1xAVUKdGVzdGNvb2tp\nZXECVQZ3b3JrZWRxA3Mu\n"}}, {"pk": "4f37bb3723d4aa59a803bdb546c607ce", "model": "sessions.session", "fields": {"expire_date": "2013-05-12T02:03:27.498Z", "session_data": "NjY5Y2NlNmI0NDI3YjlkMjNiZWFkZGEwMDhjOTk1Yjc3YzQ3NDhmODqAAn1xAVUKdGVzdGNvb2tp\nZXECVQZ3b3JrZWRxA3Mu\n"}}, {"pk": "33ed14ed313c072647be46ac25ca229f", "model": "sessions.session", "fields": {"expire_date": "2013-05-12T02:03:36.175Z", "session_data": "NjY5Y2NlNmI0NDI3YjlkMjNiZWFkZGEwMDhjOTk1Yjc3YzQ3NDhmODqAAn1xAVUKdGVzdGNvb2tp\nZXECVQZ3b3JrZWRxA3Mu\n"}}, {"pk": "f98df4002e05a912584dd6feafea246e", "model": "sessions.session", "fields": {"expire_date": "2013-05-12T02:03:36.799Z", "session_data": "NjY5Y2NlNmI0NDI3YjlkMjNiZWFkZGEwMDhjOTk1Yjc3YzQ3NDhmODqAAn1xAVUKdGVzdGNvb2tp\nZXECVQZ3b3JrZWRxA3Mu\n"}}, {"pk": "31ad5423bdac411fa9c855ff9ecc2176", "model": "sessions.session", "fields": {"expire_date": "2013-05-12T02:03:37.498Z", "session_data": "NjY5Y2NlNmI0NDI3YjlkMjNiZWFkZGEwMDhjOTk1Yjc3YzQ3NDhmODqAAn1xAVUKdGVzdGNvb2tp\nZXECVQZ3b3JrZWRxA3Mu\n"}}, {"pk": "7ec01203e363fd029622df6ad0505bdc", "model": "sessions.session", "fields": {"expire_date": "2013-05-12T02:03:37.596Z", "session_data": "NjY5Y2NlNmI0NDI3YjlkMjNiZWFkZGEwMDhjOTk1Yjc3YzQ3NDhmODqAAn1xAVUKdGVzdGNvb2tp\nZXECVQZ3b3JrZWRxA3Mu\n"}}, {"pk": "93cc15ffe0eba3849273fd59a621f8bc", "model": "sessions.session", "fields": {"expire_date": "2013-05-12T02:03:37.719Z", "session_data": "NjY5Y2NlNmI0NDI3YjlkMjNiZWFkZGEwMDhjOTk1Yjc3YzQ3NDhmODqAAn1xAVUKdGVzdGNvb2tp\nZXECVQZ3b3JrZWRxA3Mu\n"}}, {"pk": "becae1bddf46809ceb521a5478aaacd7", "model": "sessions.session", "fields": {"expire_date": "2013-05-12T02:03:37.847Z", "session_data": "NjY5Y2NlNmI0NDI3YjlkMjNiZWFkZGEwMDhjOTk1Yjc3YzQ3NDhmODqAAn1xAVUKdGVzdGNvb2tp\nZXECVQZ3b3JrZWRxA3Mu\n"}}, {"pk": "706492261ad16f88df6233f69f871aa6", "model": "sessions.session", "fields": {"expire_date": "2013-05-12T02:03:38.039Z", "session_data": "NjY5Y2NlNmI0NDI3YjlkMjNiZWFkZGEwMDhjOTk1Yjc3YzQ3NDhmODqAAn1xAVUKdGVzdGNvb2tp\nZXECVQZ3b3JrZWRxA3Mu\n"}}, {"pk": "91be36a493529f7b78b6895128edf0c0", "model": "sessions.session", "fields": {"expire_date": "2013-05-12T02:03:38.215Z", "session_data": "NjY5Y2NlNmI0NDI3YjlkMjNiZWFkZGEwMDhjOTk1Yjc3YzQ3NDhmODqAAn1xAVUKdGVzdGNvb2tp\nZXECVQZ3b3JrZWRxA3Mu\n"}}, {"pk": "dc69f995fd62a7aa946db5e7dbb2f15f", "model": "sessions.session", "fields": {"expire_date": "2013-05-12T02:03:38.777Z", "session_data": "NjY5Y2NlNmI0NDI3YjlkMjNiZWFkZGEwMDhjOTk1Yjc3YzQ3NDhmODqAAn1xAVUKdGVzdGNvb2tp\nZXECVQZ3b3JrZWRxA3Mu\n"}}, {"pk": "926dbbff252cfe33cc70f3f5b8c69c34", "model": "sessions.session", "fields": {"expire_date": "2013-05-12T02:03:39.617Z", "session_data": "NjY5Y2NlNmI0NDI3YjlkMjNiZWFkZGEwMDhjOTk1Yjc3YzQ3NDhmODqAAn1xAVUKdGVzdGNvb2tp\nZXECVQZ3b3JrZWRxA3Mu\n"}}, {"pk": "f90291ce5592fb44705bd8d8f5adc35a", "model": "sessions.session", "fields": {"expire_date": "2013-05-12T02:03:44.865Z", "session_data": "NjY5Y2NlNmI0NDI3YjlkMjNiZWFkZGEwMDhjOTk1Yjc3YzQ3NDhmODqAAn1xAVUKdGVzdGNvb2tp\nZXECVQZ3b3JrZWRxA3Mu\n"}}, {"pk": "6c3b878e9fbe28f0dc4a7fd7158428f2", "model": "sessions.session", "fields": {"expire_date": "2013-05-12T02:03:46.014Z", "session_data": "NjY5Y2NlNmI0NDI3YjlkMjNiZWFkZGEwMDhjOTk1Yjc3YzQ3NDhmODqAAn1xAVUKdGVzdGNvb2tp\nZXECVQZ3b3JrZWRxA3Mu\n"}}, {"pk": "388b5e2b09df0fe0a75a05c8d608a214", "model": "sessions.session", "fields": {"expire_date": "2013-05-12T02:03:46.283Z", "session_data": "NjY5Y2NlNmI0NDI3YjlkMjNiZWFkZGEwMDhjOTk1Yjc3YzQ3NDhmODqAAn1xAVUKdGVzdGNvb2tp\nZXECVQZ3b3JrZWRxA3Mu\n"}}, {"pk": "cd6b0edaa62351a45cc60b231787add0", "model": "sessions.session", "fields": {"expire_date": "2013-05-12T02:03:46.704Z", "session_data": "NjY5Y2NlNmI0NDI3YjlkMjNiZWFkZGEwMDhjOTk1Yjc3YzQ3NDhmODqAAn1xAVUKdGVzdGNvb2tp\nZXECVQZ3b3JrZWRxA3Mu\n"}}, {"pk": "3e50aec80c082a45cbb1cb62f3b3438a", "model": "sessions.session", "fields": {"expire_date": "2013-05-12T02:03:47.007Z", "session_data": "NjY5Y2NlNmI0NDI3YjlkMjNiZWFkZGEwMDhjOTk1Yjc3YzQ3NDhmODqAAn1xAVUKdGVzdGNvb2tp\nZXECVQZ3b3JrZWRxA3Mu\n"}}, {"pk": "302eb450cb9287a2898a4e763f65c697", "model": "sessions.session", "fields": {"expire_date": "2013-05-12T02:03:47.203Z", "session_data": "NjY5Y2NlNmI0NDI3YjlkMjNiZWFkZGEwMDhjOTk1Yjc3YzQ3NDhmODqAAn1xAVUKdGVzdGNvb2tp\nZXECVQZ3b3JrZWRxA3Mu\n"}}, {"pk": "51bcc5a05ea8bca494a4443941d7f12d", "model": "sessions.session", "fields": {"expire_date": "2013-05-12T02:03:47.525Z", "session_data": "NjY5Y2NlNmI0NDI3YjlkMjNiZWFkZGEwMDhjOTk1Yjc3YzQ3NDhmODqAAn1xAVUKdGVzdGNvb2tp\nZXECVQZ3b3JrZWRxA3Mu\n"}}, {"pk": "149c526f845d81a42b905aa5dcb31ce7", "model": "sessions.session", "fields": {"expire_date": "2013-05-12T02:03:47.854Z", "session_data": "NjY5Y2NlNmI0NDI3YjlkMjNiZWFkZGEwMDhjOTk1Yjc3YzQ3NDhmODqAAn1xAVUKdGVzdGNvb2tp\nZXECVQZ3b3JrZWRxA3Mu\n"}}, {"pk": "f4714e20181cd466dc85d16502ffc4e2", "model": "sessions.session", "fields": {"expire_date": "2013-05-12T02:04:11.148Z", "session_data": "NjY5Y2NlNmI0NDI3YjlkMjNiZWFkZGEwMDhjOTk1Yjc3YzQ3NDhmODqAAn1xAVUKdGVzdGNvb2tp\nZXECVQZ3b3JrZWRxA3Mu\n"}}, {"pk": "6c4bc02bbdc17933c68d9c17024af7de", "model": "sessions.session", "fields": {"expire_date": "2013-05-12T02:04:41.010Z", "session_data": "NjY5Y2NlNmI0NDI3YjlkMjNiZWFkZGEwMDhjOTk1Yjc3YzQ3NDhmODqAAn1xAVUKdGVzdGNvb2tp\nZXECVQZ3b3JrZWRxA3Mu\n"}}, {"pk": "007bb9504eec1ab2a56a8a7278d557b3", "model": "sessions.session", "fields": {"expire_date": "2013-05-12T02:13:20.241Z", "session_data": "NjY5Y2NlNmI0NDI3YjlkMjNiZWFkZGEwMDhjOTk1Yjc3YzQ3NDhmODqAAn1xAVUKdGVzdGNvb2tp\nZXECVQZ3b3JrZWRxA3Mu\n"}}, {"pk": "59c34078ef146cc608ca7bb2ccad4f4b", "model": "sessions.session", "fields": {"expire_date": "2013-05-12T02:15:13.106Z", "session_data": "NjY5Y2NlNmI0NDI3YjlkMjNiZWFkZGEwMDhjOTk1Yjc3YzQ3NDhmODqAAn1xAVUKdGVzdGNvb2tp\nZXECVQZ3b3JrZWRxA3Mu\n"}}, {"pk": "86f6df655f5b7ac93133afb66e62d820", "model": "sessions.session", "fields": {"expire_date": "2013-05-12T02:15:15.044Z", "session_data": "NjY5Y2NlNmI0NDI3YjlkMjNiZWFkZGEwMDhjOTk1Yjc3YzQ3NDhmODqAAn1xAVUKdGVzdGNvb2tp\nZXECVQZ3b3JrZWRxA3Mu\n"}}, {"pk": "92125decbb39b790c521bb51e359019e", "model": "sessions.session", "fields": {"expire_date": "2013-05-12T02:16:12.512Z", "session_data": "NjY5Y2NlNmI0NDI3YjlkMjNiZWFkZGEwMDhjOTk1Yjc3YzQ3NDhmODqAAn1xAVUKdGVzdGNvb2tp\nZXECVQZ3b3JrZWRxA3Mu\n"}}, {"pk": "43f5c487b2c64c1535aaaae7c04b17ea", "model": "sessions.session", "fields": {"expire_date": "2013-05-12T02:16:51.451Z", "session_data": "NjY5Y2NlNmI0NDI3YjlkMjNiZWFkZGEwMDhjOTk1Yjc3YzQ3NDhmODqAAn1xAVUKdGVzdGNvb2tp\nZXECVQZ3b3JrZWRxA3Mu\n"}}, {"pk": "33c73264e1fb91a300796f62cd9b2c77", "model": "sessions.session", "fields": {"expire_date": "2013-05-12T02:17:09.301Z", "session_data": "NjY5Y2NlNmI0NDI3YjlkMjNiZWFkZGEwMDhjOTk1Yjc3YzQ3NDhmODqAAn1xAVUKdGVzdGNvb2tp\nZXECVQZ3b3JrZWRxA3Mu\n"}}, {"pk": "ce191e0b6bef6ca16f749d0715c54926", "model": "sessions.session", "fields": {"expire_date": "2013-05-12T02:17:20.485Z", "session_data": "NjY5Y2NlNmI0NDI3YjlkMjNiZWFkZGEwMDhjOTk1Yjc3YzQ3NDhmODqAAn1xAVUKdGVzdGNvb2tp\nZXECVQZ3b3JrZWRxA3Mu\n"}}, {"pk": "6f78837809f9e0406f32daf7bace4588", "model": "sessions.session", "fields": {"expire_date": "2013-05-12T02:18:05.604Z", "session_data": "NjY5Y2NlNmI0NDI3YjlkMjNiZWFkZGEwMDhjOTk1Yjc3YzQ3NDhmODqAAn1xAVUKdGVzdGNvb2tp\nZXECVQZ3b3JrZWRxA3Mu\n"}}, {"pk": "c4039e14752601b1c05f876d59c3cb37", "model": "sessions.session", "fields": {"expire_date": "2013-05-12T02:19:21.965Z", "session_data": "NjY5Y2NlNmI0NDI3YjlkMjNiZWFkZGEwMDhjOTk1Yjc3YzQ3NDhmODqAAn1xAVUKdGVzdGNvb2tp\nZXECVQZ3b3JrZWRxA3Mu\n"}}, {"pk": "3ca3287d34a6323b77b0af64edee67ea", "model": "sessions.session", "fields": {"expire_date": "2013-05-12T02:19:22.066Z", "session_data": "NjY5Y2NlNmI0NDI3YjlkMjNiZWFkZGEwMDhjOTk1Yjc3YzQ3NDhmODqAAn1xAVUKdGVzdGNvb2tp\nZXECVQZ3b3JrZWRxA3Mu\n"}}, {"pk": "826fe58a3e777ae02d5f20477063072e", "model": "sessions.session", "fields": {"expire_date": "2013-05-12T02:19:25.556Z", "session_data": "NjY5Y2NlNmI0NDI3YjlkMjNiZWFkZGEwMDhjOTk1Yjc3YzQ3NDhmODqAAn1xAVUKdGVzdGNvb2tp\nZXECVQZ3b3JrZWRxA3Mu\n"}}, {"pk": "a82bac3388eec42eae355ffd6149bdb2", "model": "sessions.session", "fields": {"expire_date": "2013-05-12T02:20:29.741Z", "session_data": "NjY5Y2NlNmI0NDI3YjlkMjNiZWFkZGEwMDhjOTk1Yjc3YzQ3NDhmODqAAn1xAVUKdGVzdGNvb2tp\nZXECVQZ3b3JrZWRxA3Mu\n"}}, {"pk": "2aa1bf405e5ff7dd5983f2580f579715", "model": "sessions.session", "fields": {"expire_date": "2013-05-12T02:20:59.405Z", "session_data": "NjY5Y2NlNmI0NDI3YjlkMjNiZWFkZGEwMDhjOTk1Yjc3YzQ3NDhmODqAAn1xAVUKdGVzdGNvb2tp\nZXECVQZ3b3JrZWRxA3Mu\n"}}, {"pk": "ec4c35f377d561cc1b80c4c076807b96", "model": "sessions.session", "fields": {"expire_date": "2013-05-12T02:46:46.675Z", "session_data": "NjY5Y2NlNmI0NDI3YjlkMjNiZWFkZGEwMDhjOTk1Yjc3YzQ3NDhmODqAAn1xAVUKdGVzdGNvb2tp\nZXECVQZ3b3JrZWRxA3Mu\n"}}, {"pk": "2e9d6229e1ef6eda0c833bf4b6786aee", "model": "sessions.session", "fields": {"expire_date": "2013-05-12T02:48:35.855Z", "session_data": "NjY5Y2NlNmI0NDI3YjlkMjNiZWFkZGEwMDhjOTk1Yjc3YzQ3NDhmODqAAn1xAVUKdGVzdGNvb2tp\nZXECVQZ3b3JrZWRxA3Mu\n"}}, {"pk": "b0bb3920d13a4fe2b78cc0601d5b1f4f", "model": "sessions.session", "fields": {"expire_date": "2013-05-12T02:49:41.247Z", "session_data": "NjY5Y2NlNmI0NDI3YjlkMjNiZWFkZGEwMDhjOTk1Yjc3YzQ3NDhmODqAAn1xAVUKdGVzdGNvb2tp\nZXECVQZ3b3JrZWRxA3Mu\n"}}, {"pk": "da0dc1fe156c0a4bedeb12a554ae6563", "model": "sessions.session", "fields": {"expire_date": "2013-05-12T02:50:51.724Z", "session_data": "NjY5Y2NlNmI0NDI3YjlkMjNiZWFkZGEwMDhjOTk1Yjc3YzQ3NDhmODqAAn1xAVUKdGVzdGNvb2tp\nZXECVQZ3b3JrZWRxA3Mu\n"}}, {"pk": "097a12fe12c55985b44a4d2ca5945225", "model": "sessions.session", "fields": {"expire_date": "2013-05-12T02:52:22.786Z", "session_data": "NjY5Y2NlNmI0NDI3YjlkMjNiZWFkZGEwMDhjOTk1Yjc3YzQ3NDhmODqAAn1xAVUKdGVzdGNvb2tp\nZXECVQZ3b3JrZWRxA3Mu\n"}}, {"pk": "021ea2790342520e32a36a699d8c544b", "model": "sessions.session", "fields": {"expire_date": "2013-05-12T02:53:33.162Z", "session_data": "NjY5Y2NlNmI0NDI3YjlkMjNiZWFkZGEwMDhjOTk1Yjc3YzQ3NDhmODqAAn1xAVUKdGVzdGNvb2tp\nZXECVQZ3b3JrZWRxA3Mu\n"}}, {"pk": "65ed1655ec61ed7ed6dee238a3f923d1", "model": "sessions.session", "fields": {"expire_date": "2013-05-12T02:54:17.106Z", "session_data": "NjY5Y2NlNmI0NDI3YjlkMjNiZWFkZGEwMDhjOTk1Yjc3YzQ3NDhmODqAAn1xAVUKdGVzdGNvb2tp\nZXECVQZ3b3JrZWRxA3Mu\n"}}, {"pk": "bf0e61b4dd5da18b4ae62d86a159fc40", "model": "sessions.session", "fields": {"expire_date": "2013-05-12T03:01:36.266Z", "session_data": "NjY5Y2NlNmI0NDI3YjlkMjNiZWFkZGEwMDhjOTk1Yjc3YzQ3NDhmODqAAn1xAVUKdGVzdGNvb2tp\nZXECVQZ3b3JrZWRxA3Mu\n"}}, {"pk": "e77b71730c3b64f2329655d65a57b56e", "model": "sessions.session", "fields": {"expire_date": "2013-05-12T03:02:30.970Z", "session_data": "NjY5Y2NlNmI0NDI3YjlkMjNiZWFkZGEwMDhjOTk1Yjc3YzQ3NDhmODqAAn1xAVUKdGVzdGNvb2tp\nZXECVQZ3b3JrZWRxA3Mu\n"}}, {"pk": "a47baac904322db9d761646c024b5689", "model": "sessions.session", "fields": {"expire_date": "2013-05-12T03:04:36.716Z", "session_data": "NjY5Y2NlNmI0NDI3YjlkMjNiZWFkZGEwMDhjOTk1Yjc3YzQ3NDhmODqAAn1xAVUKdGVzdGNvb2tp\nZXECVQZ3b3JrZWRxA3Mu\n"}}, {"pk": "05f9fb33a8a4e7c381f0929b733da09c", "model": "sessions.session", "fields": {"expire_date": "2013-05-12T03:21:54.249Z", "session_data": "NjY5Y2NlNmI0NDI3YjlkMjNiZWFkZGEwMDhjOTk1Yjc3YzQ3NDhmODqAAn1xAVUKdGVzdGNvb2tp\nZXECVQZ3b3JrZWRxA3Mu\n"}}, {"pk": "bd3a1974f148d05072a634432a5e5959", "model": "sessions.session", "fields": {"expire_date": "2013-05-12T03:21:57.352Z", "session_data": "NjY5Y2NlNmI0NDI3YjlkMjNiZWFkZGEwMDhjOTk1Yjc3YzQ3NDhmODqAAn1xAVUKdGVzdGNvb2tp\nZXECVQZ3b3JrZWRxA3Mu\n"}}, {"pk": "317b9e9536718dd837ecaed738b2f09a", "model": "sessions.session", "fields": {"expire_date": "2013-05-12T03:27:22.361Z", "session_data": "NjY5Y2NlNmI0NDI3YjlkMjNiZWFkZGEwMDhjOTk1Yjc3YzQ3NDhmODqAAn1xAVUKdGVzdGNvb2tp\nZXECVQZ3b3JrZWRxA3Mu\n"}}, {"pk": "c63d8f2c4c9cf9037269128096c1b450", "model": "sessions.session", "fields": {"expire_date": "2013-05-12T03:27:37.395Z", "session_data": "NjY5Y2NlNmI0NDI3YjlkMjNiZWFkZGEwMDhjOTk1Yjc3YzQ3NDhmODqAAn1xAVUKdGVzdGNvb2tp\nZXECVQZ3b3JrZWRxA3Mu\n"}}, {"pk": "f58c2d345a9a76d447ccb940ee64fe38", "model": "sessions.session", "fields": {"expire_date": "2013-05-12T03:27:39.183Z", "session_data": "NjY5Y2NlNmI0NDI3YjlkMjNiZWFkZGEwMDhjOTk1Yjc3YzQ3NDhmODqAAn1xAVUKdGVzdGNvb2tp\nZXECVQZ3b3JrZWRxA3Mu\n"}}, {"pk": "4dc5836e25a0c9409f71b68a13d3d564", "model": "sessions.session", "fields": {"expire_date": "2013-05-12T03:27:40.598Z", "session_data": "NjY5Y2NlNmI0NDI3YjlkMjNiZWFkZGEwMDhjOTk1Yjc3YzQ3NDhmODqAAn1xAVUKdGVzdGNvb2tp\nZXECVQZ3b3JrZWRxA3Mu\n"}}, {"pk": "7b9fd77d68896f347f3f95e44616c7e0", "model": "sessions.session", "fields": {"expire_date": "2013-05-12T03:39:03.648Z", "session_data": "NjY5Y2NlNmI0NDI3YjlkMjNiZWFkZGEwMDhjOTk1Yjc3YzQ3NDhmODqAAn1xAVUKdGVzdGNvb2tp\nZXECVQZ3b3JrZWRxA3Mu\n"}}, {"pk": "19356344c482ad3c430c8ba0918bd3a3", "model": "sessions.session", "fields": {"expire_date": "2013-05-12T03:39:16.930Z", "session_data": "NjY5Y2NlNmI0NDI3YjlkMjNiZWFkZGEwMDhjOTk1Yjc3YzQ3NDhmODqAAn1xAVUKdGVzdGNvb2tp\nZXECVQZ3b3JrZWRxA3Mu\n"}}, {"pk": "819291f6b1a677ef5c2117067ccb11f3", "model": "sessions.session", "fields": {"expire_date": "2013-05-12T04:00:11.710Z", "session_data": "NjY5Y2NlNmI0NDI3YjlkMjNiZWFkZGEwMDhjOTk1Yjc3YzQ3NDhmODqAAn1xAVUKdGVzdGNvb2tp\nZXECVQZ3b3JrZWRxA3Mu\n"}}, {"pk": "be414a91a73143f6df5f96987a106e08", "model": "sessions.session", "fields": {"expire_date": "2013-05-12T04:03:15.866Z", "session_data": "NjY5Y2NlNmI0NDI3YjlkMjNiZWFkZGEwMDhjOTk1Yjc3YzQ3NDhmODqAAn1xAVUKdGVzdGNvb2tp\nZXECVQZ3b3JrZWRxA3Mu\n"}}, {"pk": "630f700abb1857bf4cf8479e64e10b80", "model": "sessions.session", "fields": {"expire_date": "2013-05-12T04:07:03.612Z", "session_data": "NjY5Y2NlNmI0NDI3YjlkMjNiZWFkZGEwMDhjOTk1Yjc3YzQ3NDhmODqAAn1xAVUKdGVzdGNvb2tp\nZXECVQZ3b3JrZWRxA3Mu\n"}}, {"pk": "568d32200e62c012aa88d1e3db938984", "model": "sessions.session", "fields": {"expire_date": "2013-05-12T04:07:39.263Z", "session_data": "NjY5Y2NlNmI0NDI3YjlkMjNiZWFkZGEwMDhjOTk1Yjc3YzQ3NDhmODqAAn1xAVUKdGVzdGNvb2tp\nZXECVQZ3b3JrZWRxA3Mu\n"}}, {"pk": "ba98132ad6db0062197a0acd8fa3530c", "model": "sessions.session", "fields": {"expire_date": "2013-05-12T04:13:25.303Z", "session_data": "NjY5Y2NlNmI0NDI3YjlkMjNiZWFkZGEwMDhjOTk1Yjc3YzQ3NDhmODqAAn1xAVUKdGVzdGNvb2tp\nZXECVQZ3b3JrZWRxA3Mu\n"}}, {"pk": "b467626e3440826b17cc748a7c547fe8", "model": "sessions.session", "fields": {"expire_date": "2013-05-12T04:16:24.862Z", "session_data": "NjY5Y2NlNmI0NDI3YjlkMjNiZWFkZGEwMDhjOTk1Yjc3YzQ3NDhmODqAAn1xAVUKdGVzdGNvb2tp\nZXECVQZ3b3JrZWRxA3Mu\n"}}, {"pk": "48a77a1a675db1a7fb06aa599d95dbfe", "model": "sessions.session", "fields": {"expire_date": "2013-05-12T04:16:37.878Z", "session_data": "NjY5Y2NlNmI0NDI3YjlkMjNiZWFkZGEwMDhjOTk1Yjc3YzQ3NDhmODqAAn1xAVUKdGVzdGNvb2tp\nZXECVQZ3b3JrZWRxA3Mu\n"}}, {"pk": "5932db4485d8d958763fa09592a8c578", "model": "sessions.session", "fields": {"expire_date": "2013-05-12T04:16:53.381Z", "session_data": "NjY5Y2NlNmI0NDI3YjlkMjNiZWFkZGEwMDhjOTk1Yjc3YzQ3NDhmODqAAn1xAVUKdGVzdGNvb2tp\nZXECVQZ3b3JrZWRxA3Mu\n"}}, {"pk": "a453096c027fa1369542ac71a2ef12f4", "model": "sessions.session", "fields": {"expire_date": "2013-05-12T04:18:23.877Z", "session_data": "NjY5Y2NlNmI0NDI3YjlkMjNiZWFkZGEwMDhjOTk1Yjc3YzQ3NDhmODqAAn1xAVUKdGVzdGNvb2tp\nZXECVQZ3b3JrZWRxA3Mu\n"}}, {"pk": "269a1ace5ca9c1a50c5a54ee6bb0d8b5", "model": "sessions.session", "fields": {"expire_date": "2013-05-12T04:22:31.150Z", "session_data": "NjY5Y2NlNmI0NDI3YjlkMjNiZWFkZGEwMDhjOTk1Yjc3YzQ3NDhmODqAAn1xAVUKdGVzdGNvb2tp\nZXECVQZ3b3JrZWRxA3Mu\n"}}, {"pk": "abdd359625267bb6bc15fdfede157297", "model": "sessions.session", "fields": {"expire_date": "2013-05-12T04:27:20.496Z", "session_data": "NjY5Y2NlNmI0NDI3YjlkMjNiZWFkZGEwMDhjOTk1Yjc3YzQ3NDhmODqAAn1xAVUKdGVzdGNvb2tp\nZXECVQZ3b3JrZWRxA3Mu\n"}}, {"pk": "56dc9137e8da49a7f281a6b1f00e6511", "model": "sessions.session", "fields": {"expire_date": "2013-05-12T04:27:23.087Z", "session_data": "NjY5Y2NlNmI0NDI3YjlkMjNiZWFkZGEwMDhjOTk1Yjc3YzQ3NDhmODqAAn1xAVUKdGVzdGNvb2tp\nZXECVQZ3b3JrZWRxA3Mu\n"}}, {"pk": "0cc0f1aae32a7b777d00150451740b10", "model": "sessions.session", "fields": {"expire_date": "2013-05-12T04:27:32.082Z", "session_data": "NjY5Y2NlNmI0NDI3YjlkMjNiZWFkZGEwMDhjOTk1Yjc3YzQ3NDhmODqAAn1xAVUKdGVzdGNvb2tp\nZXECVQZ3b3JrZWRxA3Mu\n"}}, {"pk": "d1abfad6c15b9c313a003d51f8d768f3", "model": "sessions.session", "fields": {"expire_date": "2013-05-12T04:27:36.777Z", "session_data": "NjY5Y2NlNmI0NDI3YjlkMjNiZWFkZGEwMDhjOTk1Yjc3YzQ3NDhmODqAAn1xAVUKdGVzdGNvb2tp\nZXECVQZ3b3JrZWRxA3Mu\n"}}, {"pk": "bcce61b57ae217697bae3855d04bee7d", "model": "sessions.session", "fields": {"expire_date": "2013-05-12T04:27:39.876Z", "session_data": "NjY5Y2NlNmI0NDI3YjlkMjNiZWFkZGEwMDhjOTk1Yjc3YzQ3NDhmODqAAn1xAVUKdGVzdGNvb2tp\nZXECVQZ3b3JrZWRxA3Mu\n"}}, {"pk": "89e3be142296af299c08cc76e1f94767", "model": "sessions.session", "fields": {"expire_date": "2013-05-12T04:36:02.073Z", "session_data": "NjY5Y2NlNmI0NDI3YjlkMjNiZWFkZGEwMDhjOTk1Yjc3YzQ3NDhmODqAAn1xAVUKdGVzdGNvb2tp\nZXECVQZ3b3JrZWRxA3Mu\n"}}, {"pk": "83cf3ed4f725b22b655ee2e2b55beec8", "model": "sessions.session", "fields": {"expire_date": "2013-05-12T04:39:01.488Z", "session_data": "NjY5Y2NlNmI0NDI3YjlkMjNiZWFkZGEwMDhjOTk1Yjc3YzQ3NDhmODqAAn1xAVUKdGVzdGNvb2tp\nZXECVQZ3b3JrZWRxA3Mu\n"}}, {"pk": "5b5983eb6d776424c1db9d84459bfe40", "model": "sessions.session", "fields": {"expire_date": "2013-05-12T04:40:44.624Z", "session_data": "NjY5Y2NlNmI0NDI3YjlkMjNiZWFkZGEwMDhjOTk1Yjc3YzQ3NDhmODqAAn1xAVUKdGVzdGNvb2tp\nZXECVQZ3b3JrZWRxA3Mu\n"}}, {"pk": "b11077a98c738545291e20988d574882", "model": "sessions.session", "fields": {"expire_date": "2013-05-12T04:40:47.185Z", "session_data": "NjY5Y2NlNmI0NDI3YjlkMjNiZWFkZGEwMDhjOTk1Yjc3YzQ3NDhmODqAAn1xAVUKdGVzdGNvb2tp\nZXECVQZ3b3JrZWRxA3Mu\n"}}, {"pk": "973d1490f6f00a0c16aed064d17d625b", "model": "sessions.session", "fields": {"expire_date": "2013-05-12T04:41:19.574Z", "session_data": "NjY5Y2NlNmI0NDI3YjlkMjNiZWFkZGEwMDhjOTk1Yjc3YzQ3NDhmODqAAn1xAVUKdGVzdGNvb2tp\nZXECVQZ3b3JrZWRxA3Mu\n"}}, {"pk": "69f0355d98ae68cd872280addce2a773", "model": "sessions.session", "fields": {"expire_date": "2013-05-12T04:41:38.261Z", "session_data": "NjY5Y2NlNmI0NDI3YjlkMjNiZWFkZGEwMDhjOTk1Yjc3YzQ3NDhmODqAAn1xAVUKdGVzdGNvb2tp\nZXECVQZ3b3JrZWRxA3Mu\n"}}, {"pk": "2a59021c9beb789f9a4522c6e6cf91ab", "model": "sessions.session", "fields": {"expire_date": "2013-05-12T04:41:46.222Z", "session_data": "NjY5Y2NlNmI0NDI3YjlkMjNiZWFkZGEwMDhjOTk1Yjc3YzQ3NDhmODqAAn1xAVUKdGVzdGNvb2tp\nZXECVQZ3b3JrZWRxA3Mu\n"}}, {"pk": "1f69791bed6ffff76882b1428a822fbb", "model": "sessions.session", "fields": {"expire_date": "2013-05-12T04:41:49.185Z", "session_data": "NjY5Y2NlNmI0NDI3YjlkMjNiZWFkZGEwMDhjOTk1Yjc3YzQ3NDhmODqAAn1xAVUKdGVzdGNvb2tp\nZXECVQZ3b3JrZWRxA3Mu\n"}}, {"pk": "81cdc93cd8aea2864705619aa94030fb", "model": "sessions.session", "fields": {"expire_date": "2013-05-12T04:56:08.124Z", "session_data": "NjY5Y2NlNmI0NDI3YjlkMjNiZWFkZGEwMDhjOTk1Yjc3YzQ3NDhmODqAAn1xAVUKdGVzdGNvb2tp\nZXECVQZ3b3JrZWRxA3Mu\n"}}, {"pk": "e1ad098253f566f29f72f6d05e15169a", "model": "sessions.session", "fields": {"expire_date": "2013-05-12T04:56:32.374Z", "session_data": "NjY5Y2NlNmI0NDI3YjlkMjNiZWFkZGEwMDhjOTk1Yjc3YzQ3NDhmODqAAn1xAVUKdGVzdGNvb2tp\nZXECVQZ3b3JrZWRxA3Mu\n"}}, {"pk": "da06a3ef2bed8ac97e6684dbff01a052", "model": "sessions.session", "fields": {"expire_date": "2013-05-12T04:56:35.383Z", "session_data": "NjY5Y2NlNmI0NDI3YjlkMjNiZWFkZGEwMDhjOTk1Yjc3YzQ3NDhmODqAAn1xAVUKdGVzdGNvb2tp\nZXECVQZ3b3JrZWRxA3Mu\n"}}, {"pk": "aa50a492613b02018233ce7ed29af72d", "model": "sessions.session", "fields": {"expire_date": "2013-05-12T04:56:41.590Z", "session_data": "NjY5Y2NlNmI0NDI3YjlkMjNiZWFkZGEwMDhjOTk1Yjc3YzQ3NDhmODqAAn1xAVUKdGVzdGNvb2tp\nZXECVQZ3b3JrZWRxA3Mu\n"}}, {"pk": "b540c664968461369e5649c868201f76", "model": "sessions.session", "fields": {"expire_date": "2013-05-12T04:56:46.064Z", "session_data": "NjY5Y2NlNmI0NDI3YjlkMjNiZWFkZGEwMDhjOTk1Yjc3YzQ3NDhmODqAAn1xAVUKdGVzdGNvb2tp\nZXECVQZ3b3JrZWRxA3Mu\n"}}, {"pk": "8c9268e282a5305e573db76a907fd7f1", "model": "sessions.session", "fields": {"expire_date": "2013-05-12T04:58:43.751Z", "session_data": "NjY5Y2NlNmI0NDI3YjlkMjNiZWFkZGEwMDhjOTk1Yjc3YzQ3NDhmODqAAn1xAVUKdGVzdGNvb2tp\nZXECVQZ3b3JrZWRxA3Mu\n"}}, {"pk": "fc4f2d86e7ba4b9b4b900a332b636f92", "model": "sessions.session", "fields": {"expire_date": "2013-05-12T04:59:41.067Z", "session_data": "NjY5Y2NlNmI0NDI3YjlkMjNiZWFkZGEwMDhjOTk1Yjc3YzQ3NDhmODqAAn1xAVUKdGVzdGNvb2tp\nZXECVQZ3b3JrZWRxA3Mu\n"}}, {"pk": "f07d7f205c9261fa2cd4db082796e18c", "model": "sessions.session", "fields": {"expire_date": "2013-05-12T05:03:32.017Z", "session_data": "NjY5Y2NlNmI0NDI3YjlkMjNiZWFkZGEwMDhjOTk1Yjc3YzQ3NDhmODqAAn1xAVUKdGVzdGNvb2tp\nZXECVQZ3b3JrZWRxA3Mu\n"}}, {"pk": "a3467b1d505ee19473e22a615695038b", "model": "sessions.session", "fields": {"expire_date": "2013-05-12T05:04:54.643Z", "session_data": "NjY5Y2NlNmI0NDI3YjlkMjNiZWFkZGEwMDhjOTk1Yjc3YzQ3NDhmODqAAn1xAVUKdGVzdGNvb2tp\nZXECVQZ3b3JrZWRxA3Mu\n"}}, {"pk": "9f95ce63f6fbf9a15f44f94a59c47a7a", "model": "sessions.session", "fields": {"expire_date": "2013-05-12T05:05:57.635Z", "session_data": "NjY5Y2NlNmI0NDI3YjlkMjNiZWFkZGEwMDhjOTk1Yjc3YzQ3NDhmODqAAn1xAVUKdGVzdGNvb2tp\nZXECVQZ3b3JrZWRxA3Mu\n"}}, {"pk": "77d0e3228ccfd56631af6f75fe6648ee", "model": "sessions.session", "fields": {"expire_date": "2013-05-12T05:06:03.344Z", "session_data": "NjY5Y2NlNmI0NDI3YjlkMjNiZWFkZGEwMDhjOTk1Yjc3YzQ3NDhmODqAAn1xAVUKdGVzdGNvb2tp\nZXECVQZ3b3JrZWRxA3Mu\n"}}, {"pk": "410063af073b661fd566615efb628e9a", "model": "sessions.session", "fields": {"expire_date": "2013-05-12T05:07:05.686Z", "session_data": "NjY5Y2NlNmI0NDI3YjlkMjNiZWFkZGEwMDhjOTk1Yjc3YzQ3NDhmODqAAn1xAVUKdGVzdGNvb2tp\nZXECVQZ3b3JrZWRxA3Mu\n"}}, {"pk": "5eb1abc2fe71637b3c639c9b3a4598be", "model": "sessions.session", "fields": {"expire_date": "2013-05-12T05:07:15.450Z", "session_data": "NjY5Y2NlNmI0NDI3YjlkMjNiZWFkZGEwMDhjOTk1Yjc3YzQ3NDhmODqAAn1xAVUKdGVzdGNvb2tp\nZXECVQZ3b3JrZWRxA3Mu\n"}}, {"pk": "555a4429b2bc5d785ed13b3f11218b93", "model": "sessions.session", "fields": {"expire_date": "2013-05-12T05:07:36.484Z", "session_data": "NjY5Y2NlNmI0NDI3YjlkMjNiZWFkZGEwMDhjOTk1Yjc3YzQ3NDhmODqAAn1xAVUKdGVzdGNvb2tp\nZXECVQZ3b3JrZWRxA3Mu\n"}}, {"pk": "6cf1aa98a0e7ae9730fc59616327b705", "model": "sessions.session", "fields": {"expire_date": "2013-05-12T05:07:45.320Z", "session_data": "NjY5Y2NlNmI0NDI3YjlkMjNiZWFkZGEwMDhjOTk1Yjc3YzQ3NDhmODqAAn1xAVUKdGVzdGNvb2tp\nZXECVQZ3b3JrZWRxA3Mu\n"}}, {"pk": "21fbe3bbe41851e49443c429a437f2c0", "model": "sessions.session", "fields": {"expire_date": "2013-05-12T05:07:51.775Z", "session_data": "NjY5Y2NlNmI0NDI3YjlkMjNiZWFkZGEwMDhjOTk1Yjc3YzQ3NDhmODqAAn1xAVUKdGVzdGNvb2tp\nZXECVQZ3b3JrZWRxA3Mu\n"}}, {"pk": "dd4dcbfe24f769b2ee36126412377e5d", "model": "sessions.session", "fields": {"expire_date": "2013-05-12T05:08:15.900Z", "session_data": "NjY5Y2NlNmI0NDI3YjlkMjNiZWFkZGEwMDhjOTk1Yjc3YzQ3NDhmODqAAn1xAVUKdGVzdGNvb2tp\nZXECVQZ3b3JrZWRxA3Mu\n"}}, {"pk": "50a6ba95cd258395b9cb6db288d9b1c1", "model": "sessions.session", "fields": {"expire_date": "2013-05-12T05:08:30.416Z", "session_data": "NjY5Y2NlNmI0NDI3YjlkMjNiZWFkZGEwMDhjOTk1Yjc3YzQ3NDhmODqAAn1xAVUKdGVzdGNvb2tp\nZXECVQZ3b3JrZWRxA3Mu\n"}}, {"pk": "59e81d8467dab76676bb6236297efc75", "model": "sessions.session", "fields": {"expire_date": "2013-05-12T05:09:32.423Z", "session_data": "NjY5Y2NlNmI0NDI3YjlkMjNiZWFkZGEwMDhjOTk1Yjc3YzQ3NDhmODqAAn1xAVUKdGVzdGNvb2tp\nZXECVQZ3b3JrZWRxA3Mu\n"}}, {"pk": "40b82303b0aeeea7144c5f8870a63e4b", "model": "sessions.session", "fields": {"expire_date": "2013-05-12T05:09:39.257Z", "session_data": "NjY5Y2NlNmI0NDI3YjlkMjNiZWFkZGEwMDhjOTk1Yjc3YzQ3NDhmODqAAn1xAVUKdGVzdGNvb2tp\nZXECVQZ3b3JrZWRxA3Mu\n"}}, {"pk": "1204a8be1b06eff6bd7a30abeedc11af", "model": "sessions.session", "fields": {"expire_date": "2013-05-12T05:10:39.368Z", "session_data": "NjY5Y2NlNmI0NDI3YjlkMjNiZWFkZGEwMDhjOTk1Yjc3YzQ3NDhmODqAAn1xAVUKdGVzdGNvb2tp\nZXECVQZ3b3JrZWRxA3Mu\n"}}, {"pk": "75b97b8685758ba17264014b8dccc9b4", "model": "sessions.session", "fields": {"expire_date": "2013-05-12T05:21:37.264Z", "session_data": "NjY5Y2NlNmI0NDI3YjlkMjNiZWFkZGEwMDhjOTk1Yjc3YzQ3NDhmODqAAn1xAVUKdGVzdGNvb2tp\nZXECVQZ3b3JrZWRxA3Mu\n"}}, {"pk": "4096f4e641519eab5910f7f5cbb545dc", "model": "sessions.session", "fields": {"expire_date": "2013-05-12T05:22:02.396Z", "session_data": "NjY5Y2NlNmI0NDI3YjlkMjNiZWFkZGEwMDhjOTk1Yjc3YzQ3NDhmODqAAn1xAVUKdGVzdGNvb2tp\nZXECVQZ3b3JrZWRxA3Mu\n"}}, {"pk": "da3b826f99171f5cc11b6f545c804fae", "model": "sessions.session", "fields": {"expire_date": "2013-05-12T05:24:37.939Z", "session_data": "NjY5Y2NlNmI0NDI3YjlkMjNiZWFkZGEwMDhjOTk1Yjc3YzQ3NDhmODqAAn1xAVUKdGVzdGNvb2tp\nZXECVQZ3b3JrZWRxA3Mu\n"}}, {"pk": "0991b622be3dd5a41f5d541da08ea224", "model": "sessions.session", "fields": {"expire_date": "2013-05-12T05:24:53.402Z", "session_data": "NjY5Y2NlNmI0NDI3YjlkMjNiZWFkZGEwMDhjOTk1Yjc3YzQ3NDhmODqAAn1xAVUKdGVzdGNvb2tp\nZXECVQZ3b3JrZWRxA3Mu\n"}}, {"pk": "09a48d3a866cc74b4d4160af25e1736f", "model": "sessions.session", "fields": {"expire_date": "2013-05-12T05:27:12.334Z", "session_data": "NjY5Y2NlNmI0NDI3YjlkMjNiZWFkZGEwMDhjOTk1Yjc3YzQ3NDhmODqAAn1xAVUKdGVzdGNvb2tp\nZXECVQZ3b3JrZWRxA3Mu\n"}}, {"pk": "f062258f748c3e3a2860132bd0170ae2", "model": "sessions.session", "fields": {"expire_date": "2013-05-12T05:28:09.713Z", "session_data": "NjY5Y2NlNmI0NDI3YjlkMjNiZWFkZGEwMDhjOTk1Yjc3YzQ3NDhmODqAAn1xAVUKdGVzdGNvb2tp\nZXECVQZ3b3JrZWRxA3Mu\n"}}, {"pk": "2930280012e9c1f38ac5cadf32f5ce47", "model": "sessions.session", "fields": {"expire_date": "2013-05-12T05:30:38.255Z", "session_data": "NjY5Y2NlNmI0NDI3YjlkMjNiZWFkZGEwMDhjOTk1Yjc3YzQ3NDhmODqAAn1xAVUKdGVzdGNvb2tp\nZXECVQZ3b3JrZWRxA3Mu\n"}}, {"pk": "f3a2455f668303dbd6813b8cd57e57b3", "model": "sessions.session", "fields": {"expire_date": "2013-05-12T05:30:40.809Z", "session_data": "NjY5Y2NlNmI0NDI3YjlkMjNiZWFkZGEwMDhjOTk1Yjc3YzQ3NDhmODqAAn1xAVUKdGVzdGNvb2tp\nZXECVQZ3b3JrZWRxA3Mu\n"}}, {"pk": "8b8d36e0031588c7d7d3895da3f43aca", "model": "sessions.session", "fields": {"expire_date": "2013-05-12T05:30:41.268Z", "session_data": "NjY5Y2NlNmI0NDI3YjlkMjNiZWFkZGEwMDhjOTk1Yjc3YzQ3NDhmODqAAn1xAVUKdGVzdGNvb2tp\nZXECVQZ3b3JrZWRxA3Mu\n"}}, {"pk": "6efb6c36f8629dcfea8302859c878126", "model": "sessions.session", "fields": {"expire_date": "2013-05-12T05:30:44.132Z", "session_data": "NjY5Y2NlNmI0NDI3YjlkMjNiZWFkZGEwMDhjOTk1Yjc3YzQ3NDhmODqAAn1xAVUKdGVzdGNvb2tp\nZXECVQZ3b3JrZWRxA3Mu\n"}}, {"pk": "448b0b22733ce8ee991759000d71cb03", "model": "sessions.session", "fields": {"expire_date": "2013-05-12T05:30:50.457Z", "session_data": "NjY5Y2NlNmI0NDI3YjlkMjNiZWFkZGEwMDhjOTk1Yjc3YzQ3NDhmODqAAn1xAVUKdGVzdGNvb2tp\nZXECVQZ3b3JrZWRxA3Mu\n"}}, {"pk": "da2856f3a903070092463c65bd64f6df", "model": "sessions.session", "fields": {"expire_date": "2013-05-12T05:30:52.477Z", "session_data": "NjY5Y2NlNmI0NDI3YjlkMjNiZWFkZGEwMDhjOTk1Yjc3YzQ3NDhmODqAAn1xAVUKdGVzdGNvb2tp\nZXECVQZ3b3JrZWRxA3Mu\n"}}, {"pk": "e4508e4277e1757f82139df8fb96dcd8", "model": "sessions.session", "fields": {"expire_date": "2013-05-12T06:21:44.840Z", "session_data": "NjY5Y2NlNmI0NDI3YjlkMjNiZWFkZGEwMDhjOTk1Yjc3YzQ3NDhmODqAAn1xAVUKdGVzdGNvb2tp\nZXECVQZ3b3JrZWRxA3Mu\n"}}, {"pk": "fbedb36b9f3a6086ffa9ae6a37e1419f", "model": "sessions.session", "fields": {"expire_date": "2013-05-12T06:32:39.675Z", "session_data": "NjY5Y2NlNmI0NDI3YjlkMjNiZWFkZGEwMDhjOTk1Yjc3YzQ3NDhmODqAAn1xAVUKdGVzdGNvb2tp\nZXECVQZ3b3JrZWRxA3Mu\n"}}, {"pk": "13591530a4c2f96c66eaebf215a07252", "model": "sessions.session", "fields": {"expire_date": "2013-05-12T06:34:26.909Z", "session_data": "NjY5Y2NlNmI0NDI3YjlkMjNiZWFkZGEwMDhjOTk1Yjc3YzQ3NDhmODqAAn1xAVUKdGVzdGNvb2tp\nZXECVQZ3b3JrZWRxA3Mu\n"}}, {"pk": "a1cd34e3f188d9da575fa1602152b486", "model": "sessions.session", "fields": {"expire_date": "2013-05-12T06:34:47.662Z", "session_data": "NjY5Y2NlNmI0NDI3YjlkMjNiZWFkZGEwMDhjOTk1Yjc3YzQ3NDhmODqAAn1xAVUKdGVzdGNvb2tp\nZXECVQZ3b3JrZWRxA3Mu\n"}}, {"pk": "30f0f5ffa823be2ed93a8b721326dc0a", "model": "sessions.session", "fields": {"expire_date": "2013-05-12T06:35:09.617Z", "session_data": "NjY5Y2NlNmI0NDI3YjlkMjNiZWFkZGEwMDhjOTk1Yjc3YzQ3NDhmODqAAn1xAVUKdGVzdGNvb2tp\nZXECVQZ3b3JrZWRxA3Mu\n"}}, {"pk": "95bad17bff99256b6838d7b16c0e353f", "model": "sessions.session", "fields": {"expire_date": "2013-05-12T17:30:25.413Z", "session_data": "Nzc1ODQ4MGIyNGE2YjgwZDRjZTUyZDAzNjc4YTQyYWQ3Mzg2ZThmNzqAAn1xAShVEl9hdXRoX3Vz\nZXJfYmFja2VuZHECVSlkamFuZ28uY29udHJpYi5hdXRoLmJhY2tlbmRzLk1vZGVsQmFja2VuZHED\nVQ1fYXV0aF91c2VyX2lkcQRLAnUu\n"}}, {"pk": "54ed7ec295d94112abe9c21438bb68c9", "model": "sessions.session", "fields": {"expire_date": "2013-05-12T21:41:38.062Z", "session_data": "NjY5Y2NlNmI0NDI3YjlkMjNiZWFkZGEwMDhjOTk1Yjc3YzQ3NDhmODqAAn1xAVUKdGVzdGNvb2tp\nZXECVQZ3b3JrZWRxA3Mu\n"}}, {"pk": "9b4ec122e8aebdec416b4199b36988ee", "model": "sessions.session", "fields": {"expire_date": "2013-05-12T21:44:11.195Z", "session_data": "NjY5Y2NlNmI0NDI3YjlkMjNiZWFkZGEwMDhjOTk1Yjc3YzQ3NDhmODqAAn1xAVUKdGVzdGNvb2tp\nZXECVQZ3b3JrZWRxA3Mu\n"}}, {"pk": "3f53235ebee5e3bfd9e12551043af075", "model": "sessions.session", "fields": {"expire_date": "2013-05-12T21:45:41.830Z", "session_data": "NjY5Y2NlNmI0NDI3YjlkMjNiZWFkZGEwMDhjOTk1Yjc3YzQ3NDhmODqAAn1xAVUKdGVzdGNvb2tp\nZXECVQZ3b3JrZWRxA3Mu\n"}}, {"pk": "a6cf970284501016b653ea96213b51a5", "model": "sessions.session", "fields": {"expire_date": "2013-05-12T21:46:27.405Z", "session_data": "NjY5Y2NlNmI0NDI3YjlkMjNiZWFkZGEwMDhjOTk1Yjc3YzQ3NDhmODqAAn1xAVUKdGVzdGNvb2tp\nZXECVQZ3b3JrZWRxA3Mu\n"}}, {"pk": "afcab84f4dbac791dd94c9c005c1af1f", "model": "sessions.session", "fields": {"expire_date": "2013-05-12T22:01:21.105Z", "session_data": "NjY5Y2NlNmI0NDI3YjlkMjNiZWFkZGEwMDhjOTk1Yjc3YzQ3NDhmODqAAn1xAVUKdGVzdGNvb2tp\nZXECVQZ3b3JrZWRxA3Mu\n"}}, {"pk": "c5919421936826215920460fb80bf57d", "model": "sessions.session", "fields": {"expire_date": "2013-05-12T22:01:25.321Z", "session_data": "NjY5Y2NlNmI0NDI3YjlkMjNiZWFkZGEwMDhjOTk1Yjc3YzQ3NDhmODqAAn1xAVUKdGVzdGNvb2tp\nZXECVQZ3b3JrZWRxA3Mu\n"}}, {"pk": "9d63c808fe409c1c802d54fd27367f25", "model": "sessions.session", "fields": {"expire_date": "2013-05-12T22:01:35.974Z", "session_data": "NjY5Y2NlNmI0NDI3YjlkMjNiZWFkZGEwMDhjOTk1Yjc3YzQ3NDhmODqAAn1xAVUKdGVzdGNvb2tp\nZXECVQZ3b3JrZWRxA3Mu\n"}}, {"pk": "4c471d6c36c2a88b454a976b4fc62e24", "model": "sessions.session", "fields": {"expire_date": "2013-05-12T22:04:35.090Z", "session_data": "NjY5Y2NlNmI0NDI3YjlkMjNiZWFkZGEwMDhjOTk1Yjc3YzQ3NDhmODqAAn1xAVUKdGVzdGNvb2tp\nZXECVQZ3b3JrZWRxA3Mu\n"}}, {"pk": "df54649480ac7701439cc9f919c2606d", "model": "sessions.session", "fields": {"expire_date": "2013-05-12T22:08:34.646Z", "session_data": "NjY5Y2NlNmI0NDI3YjlkMjNiZWFkZGEwMDhjOTk1Yjc3YzQ3NDhmODqAAn1xAVUKdGVzdGNvb2tp\nZXECVQZ3b3JrZWRxA3Mu\n"}}, {"pk": "b6dda50510c761376464c51cc11a998f", "model": "sessions.session", "fields": {"expire_date": "2013-05-12T22:10:06.005Z", "session_data": "NjY5Y2NlNmI0NDI3YjlkMjNiZWFkZGEwMDhjOTk1Yjc3YzQ3NDhmODqAAn1xAVUKdGVzdGNvb2tp\nZXECVQZ3b3JrZWRxA3Mu\n"}}, {"pk": "600800c386bf21c233ccfb041ef4bf9e", "model": "sessions.session", "fields": {"expire_date": "2013-05-12T22:10:34.875Z", "session_data": "NjY5Y2NlNmI0NDI3YjlkMjNiZWFkZGEwMDhjOTk1Yjc3YzQ3NDhmODqAAn1xAVUKdGVzdGNvb2tp\nZXECVQZ3b3JrZWRxA3Mu\n"}}, {"pk": "066c35277d90151ee4fae82e553773d8", "model": "sessions.session", "fields": {"expire_date": "2013-05-12T22:12:04.827Z", "session_data": "NjY5Y2NlNmI0NDI3YjlkMjNiZWFkZGEwMDhjOTk1Yjc3YzQ3NDhmODqAAn1xAVUKdGVzdGNvb2tp\nZXECVQZ3b3JrZWRxA3Mu\n"}}, {"pk": "25252a6bf8abf20d415d57429c20f066", "model": "sessions.session", "fields": {"expire_date": "2013-05-12T22:15:13.453Z", "session_data": "NjY5Y2NlNmI0NDI3YjlkMjNiZWFkZGEwMDhjOTk1Yjc3YzQ3NDhmODqAAn1xAVUKdGVzdGNvb2tp\nZXECVQZ3b3JrZWRxA3Mu\n"}}, {"pk": "078ac55cb40725e9e4955dd41098d5da", "model": "sessions.session", "fields": {"expire_date": "2013-05-12T22:15:29.453Z", "session_data": "NjY5Y2NlNmI0NDI3YjlkMjNiZWFkZGEwMDhjOTk1Yjc3YzQ3NDhmODqAAn1xAVUKdGVzdGNvb2tp\nZXECVQZ3b3JrZWRxA3Mu\n"}}, {"pk": "bd3f9a4e821e2c82300d36554393566d", "model": "sessions.session", "fields": {"expire_date": "2013-05-12T22:15:45.384Z", "session_data": "NjY5Y2NlNmI0NDI3YjlkMjNiZWFkZGEwMDhjOTk1Yjc3YzQ3NDhmODqAAn1xAVUKdGVzdGNvb2tp\nZXECVQZ3b3JrZWRxA3Mu\n"}}, {"pk": "cfa115b0218dad77a34b7100a8efb7a9", "model": "sessions.session", "fields": {"expire_date": "2013-05-12T22:17:48.026Z", "session_data": "NjY5Y2NlNmI0NDI3YjlkMjNiZWFkZGEwMDhjOTk1Yjc3YzQ3NDhmODqAAn1xAVUKdGVzdGNvb2tp\nZXECVQZ3b3JrZWRxA3Mu\n"}}, {"pk": "d18146392237b0fa984392a27a1317b3", "model": "sessions.session", "fields": {"expire_date": "2013-05-12T22:18:26.771Z", "session_data": "NjY5Y2NlNmI0NDI3YjlkMjNiZWFkZGEwMDhjOTk1Yjc3YzQ3NDhmODqAAn1xAVUKdGVzdGNvb2tp\nZXECVQZ3b3JrZWRxA3Mu\n"}}, {"pk": "a2f2ba110fad28d05195c51d653e9fce", "model": "sessions.session", "fields": {"expire_date": "2013-05-12T22:18:34.385Z", "session_data": "NjY5Y2NlNmI0NDI3YjlkMjNiZWFkZGEwMDhjOTk1Yjc3YzQ3NDhmODqAAn1xAVUKdGVzdGNvb2tp\nZXECVQZ3b3JrZWRxA3Mu\n"}}, {"pk": "57b1415246831ecc1a2a3612b673e567", "model": "sessions.session", "fields": {"expire_date": "2013-05-12T22:20:20.109Z", "session_data": "NjY5Y2NlNmI0NDI3YjlkMjNiZWFkZGEwMDhjOTk1Yjc3YzQ3NDhmODqAAn1xAVUKdGVzdGNvb2tp\nZXECVQZ3b3JrZWRxA3Mu\n"}}, {"pk": "455f4e96d01795c849825f9e56ac884c", "model": "sessions.session", "fields": {"expire_date": "2013-05-12T22:22:11.142Z", "session_data": "NjY5Y2NlNmI0NDI3YjlkMjNiZWFkZGEwMDhjOTk1Yjc3YzQ3NDhmODqAAn1xAVUKdGVzdGNvb2tp\nZXECVQZ3b3JrZWRxA3Mu\n"}}, {"pk": "d439d16f58e49f39a8da57b638c694b2", "model": "sessions.session", "fields": {"expire_date": "2013-05-12T22:25:24.641Z", "session_data": "NjY5Y2NlNmI0NDI3YjlkMjNiZWFkZGEwMDhjOTk1Yjc3YzQ3NDhmODqAAn1xAVUKdGVzdGNvb2tp\nZXECVQZ3b3JrZWRxA3Mu\n"}}, {"pk": "a2f63a9a8701ffb971fc4566ae857faf", "model": "sessions.session", "fields": {"expire_date": "2013-05-12T22:25:43.673Z", "session_data": "NjY5Y2NlNmI0NDI3YjlkMjNiZWFkZGEwMDhjOTk1Yjc3YzQ3NDhmODqAAn1xAVUKdGVzdGNvb2tp\nZXECVQZ3b3JrZWRxA3Mu\n"}}, {"pk": "d75a032c5b0ed1b62ad454510d90233c", "model": "sessions.session", "fields": {"expire_date": "2013-05-12T22:26:25.543Z", "session_data": "NjY5Y2NlNmI0NDI3YjlkMjNiZWFkZGEwMDhjOTk1Yjc3YzQ3NDhmODqAAn1xAVUKdGVzdGNvb2tp\nZXECVQZ3b3JrZWRxA3Mu\n"}}, {"pk": "e925195cdb10996cafbaaea2df92aa9b", "model": "sessions.session", "fields": {"expire_date": "2013-05-12T22:27:08.121Z", "session_data": "NjY5Y2NlNmI0NDI3YjlkMjNiZWFkZGEwMDhjOTk1Yjc3YzQ3NDhmODqAAn1xAVUKdGVzdGNvb2tp\nZXECVQZ3b3JrZWRxA3Mu\n"}}, {"pk": "4d23de0cd2e561b11e8016ae1ca7421f", "model": "sessions.session", "fields": {"expire_date": "2013-05-12T22:29:13.383Z", "session_data": "NjY5Y2NlNmI0NDI3YjlkMjNiZWFkZGEwMDhjOTk1Yjc3YzQ3NDhmODqAAn1xAVUKdGVzdGNvb2tp\nZXECVQZ3b3JrZWRxA3Mu\n"}}, {"pk": "1525b5e2cd4278fe8b018326f5242550", "model": "sessions.session", "fields": {"expire_date": "2013-05-12T22:29:18.480Z", "session_data": "NjY5Y2NlNmI0NDI3YjlkMjNiZWFkZGEwMDhjOTk1Yjc3YzQ3NDhmODqAAn1xAVUKdGVzdGNvb2tp\nZXECVQZ3b3JrZWRxA3Mu\n"}}, {"pk": "38daab2354f838d7906cfc190e58de5d", "model": "sessions.session", "fields": {"expire_date": "2013-05-12T22:29:56.250Z", "session_data": "NjY5Y2NlNmI0NDI3YjlkMjNiZWFkZGEwMDhjOTk1Yjc3YzQ3NDhmODqAAn1xAVUKdGVzdGNvb2tp\nZXECVQZ3b3JrZWRxA3Mu\n"}}, {"pk": "b039afbe7827221528298f58d45bc03d", "model": "sessions.session", "fields": {"expire_date": "2013-05-12T22:30:40.204Z", "session_data": "NjY5Y2NlNmI0NDI3YjlkMjNiZWFkZGEwMDhjOTk1Yjc3YzQ3NDhmODqAAn1xAVUKdGVzdGNvb2tp\nZXECVQZ3b3JrZWRxA3Mu\n"}}, {"pk": "47559dc7e84306f839c0685a31fa67c6", "model": "sessions.session", "fields": {"expire_date": "2013-05-12T22:31:17.319Z", "session_data": "NjY5Y2NlNmI0NDI3YjlkMjNiZWFkZGEwMDhjOTk1Yjc3YzQ3NDhmODqAAn1xAVUKdGVzdGNvb2tp\nZXECVQZ3b3JrZWRxA3Mu\n"}}, {"pk": "4d7341a6b017e4a3840338495e4dd1d1", "model": "sessions.session", "fields": {"expire_date": "2013-05-12T22:32:49.419Z", "session_data": "NjY5Y2NlNmI0NDI3YjlkMjNiZWFkZGEwMDhjOTk1Yjc3YzQ3NDhmODqAAn1xAVUKdGVzdGNvb2tp\nZXECVQZ3b3JrZWRxA3Mu\n"}}, {"pk": "f24db005c48b6b2c051e4444a1ce027c", "model": "sessions.session", "fields": {"expire_date": "2013-05-12T22:33:21.074Z", "session_data": "NjY5Y2NlNmI0NDI3YjlkMjNiZWFkZGEwMDhjOTk1Yjc3YzQ3NDhmODqAAn1xAVUKdGVzdGNvb2tp\nZXECVQZ3b3JrZWRxA3Mu\n"}}, {"pk": "36547c226d8b8757668528db47734f37", "model": "sessions.session", "fields": {"expire_date": "2013-05-12T22:34:11.301Z", "session_data": "NjY5Y2NlNmI0NDI3YjlkMjNiZWFkZGEwMDhjOTk1Yjc3YzQ3NDhmODqAAn1xAVUKdGVzdGNvb2tp\nZXECVQZ3b3JrZWRxA3Mu\n"}}, {"pk": "6efb1732a012a089202a206d8064643d", "model": "sessions.session", "fields": {"expire_date": "2013-05-12T22:34:37.370Z", "session_data": "NjY5Y2NlNmI0NDI3YjlkMjNiZWFkZGEwMDhjOTk1Yjc3YzQ3NDhmODqAAn1xAVUKdGVzdGNvb2tp\nZXECVQZ3b3JrZWRxA3Mu\n"}}, {"pk": "6f225fc586304c9b0af45deac2b51411", "model": "sessions.session", "fields": {"expire_date": "2013-05-12T22:36:33.834Z", "session_data": "NjY5Y2NlNmI0NDI3YjlkMjNiZWFkZGEwMDhjOTk1Yjc3YzQ3NDhmODqAAn1xAVUKdGVzdGNvb2tp\nZXECVQZ3b3JrZWRxA3Mu\n"}}, {"pk": "0ef49cca37d769843bc12b9d0527c778", "model": "sessions.session", "fields": {"expire_date": "2013-05-12T22:37:50.605Z", "session_data": "NjY5Y2NlNmI0NDI3YjlkMjNiZWFkZGEwMDhjOTk1Yjc3YzQ3NDhmODqAAn1xAVUKdGVzdGNvb2tp\nZXECVQZ3b3JrZWRxA3Mu\n"}}, {"pk": "476ee8c2604eaa7ed654ac9e6960c2ab", "model": "sessions.session", "fields": {"expire_date": "2013-05-12T22:38:10.529Z", "session_data": "NjY5Y2NlNmI0NDI3YjlkMjNiZWFkZGEwMDhjOTk1Yjc3YzQ3NDhmODqAAn1xAVUKdGVzdGNvb2tp\nZXECVQZ3b3JrZWRxA3Mu\n"}}, {"pk": "4884060362a19fbddae1e1b711ce028b", "model": "sessions.session", "fields": {"expire_date": "2013-05-12T22:39:50.775Z", "session_data": "NjY5Y2NlNmI0NDI3YjlkMjNiZWFkZGEwMDhjOTk1Yjc3YzQ3NDhmODqAAn1xAVUKdGVzdGNvb2tp\nZXECVQZ3b3JrZWRxA3Mu\n"}}, {"pk": "e1cdf276d851599712719c09a123eac8", "model": "sessions.session", "fields": {"expire_date": "2013-05-12T22:40:02.345Z", "session_data": "NjY5Y2NlNmI0NDI3YjlkMjNiZWFkZGEwMDhjOTk1Yjc3YzQ3NDhmODqAAn1xAVUKdGVzdGNvb2tp\nZXECVQZ3b3JrZWRxA3Mu\n"}}, {"pk": "9cfe28149574188b815baf64f2c7b48e", "model": "sessions.session", "fields": {"expire_date": "2013-05-12T22:40:47.048Z", "session_data": "NjY5Y2NlNmI0NDI3YjlkMjNiZWFkZGEwMDhjOTk1Yjc3YzQ3NDhmODqAAn1xAVUKdGVzdGNvb2tp\nZXECVQZ3b3JrZWRxA3Mu\n"}}, {"pk": "b364c4fe0d0c1de4ec64783edf1f7386", "model": "sessions.session", "fields": {"expire_date": "2013-05-12T22:53:19.564Z", "session_data": "NjY5Y2NlNmI0NDI3YjlkMjNiZWFkZGEwMDhjOTk1Yjc3YzQ3NDhmODqAAn1xAVUKdGVzdGNvb2tp\nZXECVQZ3b3JrZWRxA3Mu\n"}}, {"pk": "0e306e5f17a272b332e1bd13d721e562", "model": "sessions.session", "fields": {"expire_date": "2013-05-12T22:53:24.526Z", "session_data": "NjY5Y2NlNmI0NDI3YjlkMjNiZWFkZGEwMDhjOTk1Yjc3YzQ3NDhmODqAAn1xAVUKdGVzdGNvb2tp\nZXECVQZ3b3JrZWRxA3Mu\n"}}, {"pk": "bc4ed33a64583270f9553e3e5157d714", "model": "sessions.session", "fields": {"expire_date": "2013-05-12T22:54:01.495Z", "session_data": "NjY5Y2NlNmI0NDI3YjlkMjNiZWFkZGEwMDhjOTk1Yjc3YzQ3NDhmODqAAn1xAVUKdGVzdGNvb2tp\nZXECVQZ3b3JrZWRxA3Mu\n"}}, {"pk": "c8e92d035718c211caaa8bbc9f182b34", "model": "sessions.session", "fields": {"expire_date": "2013-05-12T22:57:59.015Z", "session_data": "NjY5Y2NlNmI0NDI3YjlkMjNiZWFkZGEwMDhjOTk1Yjc3YzQ3NDhmODqAAn1xAVUKdGVzdGNvb2tp\nZXECVQZ3b3JrZWRxA3Mu\n"}}, {"pk": "03b37eba541dd776fe4f2baaa8605452", "model": "sessions.session", "fields": {"expire_date": "2013-05-12T23:22:40.835Z", "session_data": "NjY5Y2NlNmI0NDI3YjlkMjNiZWFkZGEwMDhjOTk1Yjc3YzQ3NDhmODqAAn1xAVUKdGVzdGNvb2tp\nZXECVQZ3b3JrZWRxA3Mu\n"}}, {"pk": "568a8db1a574bc7b2946a9dcb306da96", "model": "sessions.session", "fields": {"expire_date": "2013-05-12T23:24:16.170Z", "session_data": "NjY5Y2NlNmI0NDI3YjlkMjNiZWFkZGEwMDhjOTk1Yjc3YzQ3NDhmODqAAn1xAVUKdGVzdGNvb2tp\nZXECVQZ3b3JrZWRxA3Mu\n"}}, {"pk": "aa5f359302164479a92828133b60f7fc", "model": "sessions.session", "fields": {"expire_date": "2013-05-12T23:40:48.617Z", "session_data": "NjY5Y2NlNmI0NDI3YjlkMjNiZWFkZGEwMDhjOTk1Yjc3YzQ3NDhmODqAAn1xAVUKdGVzdGNvb2tp\nZXECVQZ3b3JrZWRxA3Mu\n"}}, {"pk": "efee20e9961a20b657d6c9792946e184", "model": "sessions.session", "fields": {"expire_date": "2013-05-12T23:41:06.790Z", "session_data": "NjY5Y2NlNmI0NDI3YjlkMjNiZWFkZGEwMDhjOTk1Yjc3YzQ3NDhmODqAAn1xAVUKdGVzdGNvb2tp\nZXECVQZ3b3JrZWRxA3Mu\n"}}, {"pk": "e7fac51b322edaa996d017434f1e2e24", "model": "sessions.session", "fields": {"expire_date": "2013-05-12T23:41:46.358Z", "session_data": "NjY5Y2NlNmI0NDI3YjlkMjNiZWFkZGEwMDhjOTk1Yjc3YzQ3NDhmODqAAn1xAVUKdGVzdGNvb2tp\nZXECVQZ3b3JrZWRxA3Mu\n"}}, {"pk": "a69d19213786ac7758a341a1d540c1ea", "model": "sessions.session", "fields": {"expire_date": "2013-05-12T23:43:42.837Z", "session_data": "NjY5Y2NlNmI0NDI3YjlkMjNiZWFkZGEwMDhjOTk1Yjc3YzQ3NDhmODqAAn1xAVUKdGVzdGNvb2tp\nZXECVQZ3b3JrZWRxA3Mu\n"}}, {"pk": "57aba74f33ee631a53e71de97a23f733", "model": "sessions.session", "fields": {"expire_date": "2013-05-12T23:44:07.710Z", "session_data": "NjY5Y2NlNmI0NDI3YjlkMjNiZWFkZGEwMDhjOTk1Yjc3YzQ3NDhmODqAAn1xAVUKdGVzdGNvb2tp\nZXECVQZ3b3JrZWRxA3Mu\n"}}, {"pk": "d840aa0f93ecc1f70279ef4c669f77a5", "model": "sessions.session", "fields": {"expire_date": "2013-05-12T23:44:45.421Z", "session_data": "NjY5Y2NlNmI0NDI3YjlkMjNiZWFkZGEwMDhjOTk1Yjc3YzQ3NDhmODqAAn1xAVUKdGVzdGNvb2tp\nZXECVQZ3b3JrZWRxA3Mu\n"}}, {"pk": "1dfa70041089dbc2aa33ca7ee0828a6d", "model": "sessions.session", "fields": {"expire_date": "2013-05-12T23:47:15.248Z", "session_data": "NjY5Y2NlNmI0NDI3YjlkMjNiZWFkZGEwMDhjOTk1Yjc3YzQ3NDhmODqAAn1xAVUKdGVzdGNvb2tp\nZXECVQZ3b3JrZWRxA3Mu\n"}}, {"pk": "5a8db4e1cc4f6306a5624286867f4719", "model": "sessions.session", "fields": {"expire_date": "2013-05-12T23:48:43.862Z", "session_data": "NjY5Y2NlNmI0NDI3YjlkMjNiZWFkZGEwMDhjOTk1Yjc3YzQ3NDhmODqAAn1xAVUKdGVzdGNvb2tp\nZXECVQZ3b3JrZWRxA3Mu\n"}}, {"pk": "fcebec3611777002d103196095c8c2c9", "model": "sessions.session", "fields": {"expire_date": "2013-05-12T23:49:03.351Z", "session_data": "NjY5Y2NlNmI0NDI3YjlkMjNiZWFkZGEwMDhjOTk1Yjc3YzQ3NDhmODqAAn1xAVUKdGVzdGNvb2tp\nZXECVQZ3b3JrZWRxA3Mu\n"}}, {"pk": "33fbd39bee846b9dfd1877b40aea52b4", "model": "sessions.session", "fields": {"expire_date": "2013-05-12T23:52:01.643Z", "session_data": "NjY5Y2NlNmI0NDI3YjlkMjNiZWFkZGEwMDhjOTk1Yjc3YzQ3NDhmODqAAn1xAVUKdGVzdGNvb2tp\nZXECVQZ3b3JrZWRxA3Mu\n"}}, {"pk": "33cf96443e35d07a0d14f2d52adb7b99", "model": "sessions.session", "fields": {"expire_date": "2013-05-12T23:53:07.833Z", "session_data": "NjY5Y2NlNmI0NDI3YjlkMjNiZWFkZGEwMDhjOTk1Yjc3YzQ3NDhmODqAAn1xAVUKdGVzdGNvb2tp\nZXECVQZ3b3JrZWRxA3Mu\n"}}, {"pk": "f1ff9e906ba24f2d5be9fc25082eead9", "model": "sessions.session", "fields": {"expire_date": "2013-05-12T23:53:10.919Z", "session_data": "NjY5Y2NlNmI0NDI3YjlkMjNiZWFkZGEwMDhjOTk1Yjc3YzQ3NDhmODqAAn1xAVUKdGVzdGNvb2tp\nZXECVQZ3b3JrZWRxA3Mu\n"}}, {"pk": "fb0629a275e9bc58e53e837100029b8c", "model": "sessions.session", "fields": {"expire_date": "2013-05-12T23:53:13.983Z", "session_data": "NjY5Y2NlNmI0NDI3YjlkMjNiZWFkZGEwMDhjOTk1Yjc3YzQ3NDhmODqAAn1xAVUKdGVzdGNvb2tp\nZXECVQZ3b3JrZWRxA3Mu\n"}}, {"pk": "deec4d1a92c171183030acc637acc8d5", "model": "sessions.session", "fields": {"expire_date": "2013-05-12T23:53:16.055Z", "session_data": "NjY5Y2NlNmI0NDI3YjlkMjNiZWFkZGEwMDhjOTk1Yjc3YzQ3NDhmODqAAn1xAVUKdGVzdGNvb2tp\nZXECVQZ3b3JrZWRxA3Mu\n"}}, {"pk": "729e01010a5615ce8a0e2c62a3d5c687", "model": "sessions.session", "fields": {"expire_date": "2013-05-12T23:53:21.271Z", "session_data": "NjY5Y2NlNmI0NDI3YjlkMjNiZWFkZGEwMDhjOTk1Yjc3YzQ3NDhmODqAAn1xAVUKdGVzdGNvb2tp\nZXECVQZ3b3JrZWRxA3Mu\n"}}, {"pk": "cc16481a140a41e707ca3b01b643a624", "model": "sessions.session", "fields": {"expire_date": "2013-05-12T23:53:32.111Z", "session_data": "NjY5Y2NlNmI0NDI3YjlkMjNiZWFkZGEwMDhjOTk1Yjc3YzQ3NDhmODqAAn1xAVUKdGVzdGNvb2tp\nZXECVQZ3b3JrZWRxA3Mu\n"}}, {"pk": "7be14b1eef4be1968016fa1fd661c7b3", "model": "sessions.session", "fields": {"expire_date": "2013-05-12T23:54:20.795Z", "session_data": "NjY5Y2NlNmI0NDI3YjlkMjNiZWFkZGEwMDhjOTk1Yjc3YzQ3NDhmODqAAn1xAVUKdGVzdGNvb2tp\nZXECVQZ3b3JrZWRxA3Mu\n"}}, {"pk": "c2e429c3a78eb73eb740a1dff4014b5d", "model": "sessions.session", "fields": {"expire_date": "2013-05-12T23:57:37.269Z", "session_data": "NjY5Y2NlNmI0NDI3YjlkMjNiZWFkZGEwMDhjOTk1Yjc3YzQ3NDhmODqAAn1xAVUKdGVzdGNvb2tp\nZXECVQZ3b3JrZWRxA3Mu\n"}}, {"pk": "ff8ef534c034b246c5653ecea0a28f04", "model": "sessions.session", "fields": {"expire_date": "2013-05-13T00:00:04.175Z", "session_data": "NjY5Y2NlNmI0NDI3YjlkMjNiZWFkZGEwMDhjOTk1Yjc3YzQ3NDhmODqAAn1xAVUKdGVzdGNvb2tp\nZXECVQZ3b3JrZWRxA3Mu\n"}}, {"pk": "7372b336bcb0b1909700e89389828783", "model": "sessions.session", "fields": {"expire_date": "2013-05-13T00:00:28.617Z", "session_data": "NjY5Y2NlNmI0NDI3YjlkMjNiZWFkZGEwMDhjOTk1Yjc3YzQ3NDhmODqAAn1xAVUKdGVzdGNvb2tp\nZXECVQZ3b3JrZWRxA3Mu\n"}}, {"pk": "89a9457d1bcfa24f7ad4b2d837df4c62", "model": "sessions.session", "fields": {"expire_date": "2013-05-13T00:00:51.764Z", "session_data": "NjY5Y2NlNmI0NDI3YjlkMjNiZWFkZGEwMDhjOTk1Yjc3YzQ3NDhmODqAAn1xAVUKdGVzdGNvb2tp\nZXECVQZ3b3JrZWRxA3Mu\n"}}, {"pk": "e671ce0738919ffd0a3cb1b7d9600871", "model": "sessions.session", "fields": {"expire_date": "2013-05-13T00:00:53.210Z", "session_data": "NjY5Y2NlNmI0NDI3YjlkMjNiZWFkZGEwMDhjOTk1Yjc3YzQ3NDhmODqAAn1xAVUKdGVzdGNvb2tp\nZXECVQZ3b3JrZWRxA3Mu\n"}}, {"pk": "0a0230b909c4f1039e0fba0479e629de", "model": "sessions.session", "fields": {"expire_date": "2013-05-13T00:00:55.078Z", "session_data": "NjY5Y2NlNmI0NDI3YjlkMjNiZWFkZGEwMDhjOTk1Yjc3YzQ3NDhmODqAAn1xAVUKdGVzdGNvb2tp\nZXECVQZ3b3JrZWRxA3Mu\n"}}, {"pk": "166fa44bf3b3f3e9b73379b298053fc1", "model": "sessions.session", "fields": {"expire_date": "2013-05-13T00:00:58.314Z", "session_data": "NjY5Y2NlNmI0NDI3YjlkMjNiZWFkZGEwMDhjOTk1Yjc3YzQ3NDhmODqAAn1xAVUKdGVzdGNvb2tp\nZXECVQZ3b3JrZWRxA3Mu\n"}}, {"pk": "6d28cf446d41c6a97c85b3c67d05d8b1", "model": "sessions.session", "fields": {"expire_date": "2013-05-13T00:01:19.983Z", "session_data": "NjY5Y2NlNmI0NDI3YjlkMjNiZWFkZGEwMDhjOTk1Yjc3YzQ3NDhmODqAAn1xAVUKdGVzdGNvb2tp\nZXECVQZ3b3JrZWRxA3Mu\n"}}, {"pk": "e34ae0196d1a790f9c7be43ad822e611", "model": "sessions.session", "fields": {"expire_date": "2013-05-13T00:01:36.023Z", "session_data": "NjY5Y2NlNmI0NDI3YjlkMjNiZWFkZGEwMDhjOTk1Yjc3YzQ3NDhmODqAAn1xAVUKdGVzdGNvb2tp\nZXECVQZ3b3JrZWRxA3Mu\n"}}, {"pk": "b0c479cf177b86cd72e7cbbe6439e2b4", "model": "sessions.session", "fields": {"expire_date": "2013-05-13T00:02:21.514Z", "session_data": "NjY5Y2NlNmI0NDI3YjlkMjNiZWFkZGEwMDhjOTk1Yjc3YzQ3NDhmODqAAn1xAVUKdGVzdGNvb2tp\nZXECVQZ3b3JrZWRxA3Mu\n"}}, {"pk": "0efd2dedae2e87755820c4fc37f751d1", "model": "sessions.session", "fields": {"expire_date": "2013-05-13T00:02:25.891Z", "session_data": "NjY5Y2NlNmI0NDI3YjlkMjNiZWFkZGEwMDhjOTk1Yjc3YzQ3NDhmODqAAn1xAVUKdGVzdGNvb2tp\nZXECVQZ3b3JrZWRxA3Mu\n"}}, {"pk": "56dd55fa6d684c04b480c0f622200fd9", "model": "sessions.session", "fields": {"expire_date": "2013-05-13T00:02:31.754Z", "session_data": "NjY5Y2NlNmI0NDI3YjlkMjNiZWFkZGEwMDhjOTk1Yjc3YzQ3NDhmODqAAn1xAVUKdGVzdGNvb2tp\nZXECVQZ3b3JrZWRxA3Mu\n"}}, {"pk": "0fda38117f662868307bfc0c6dedf679", "model": "sessions.session", "fields": {"expire_date": "2013-05-13T00:02:34.947Z", "session_data": "NjY5Y2NlNmI0NDI3YjlkMjNiZWFkZGEwMDhjOTk1Yjc3YzQ3NDhmODqAAn1xAVUKdGVzdGNvb2tp\nZXECVQZ3b3JrZWRxA3Mu\n"}}, {"pk": "dbbe040764fc1c866d9982e920855ef6", "model": "sessions.session", "fields": {"expire_date": "2013-05-13T00:02:40.478Z", "session_data": "NjY5Y2NlNmI0NDI3YjlkMjNiZWFkZGEwMDhjOTk1Yjc3YzQ3NDhmODqAAn1xAVUKdGVzdGNvb2tp\nZXECVQZ3b3JrZWRxA3Mu\n"}}, {"pk": "f528303d18cccddd8306d011e0a00835", "model": "sessions.session", "fields": {"expire_date": "2013-05-13T00:02:43.762Z", "session_data": "NjY5Y2NlNmI0NDI3YjlkMjNiZWFkZGEwMDhjOTk1Yjc3YzQ3NDhmODqAAn1xAVUKdGVzdGNvb2tp\nZXECVQZ3b3JrZWRxA3Mu\n"}}, {"pk": "bb21a000d0e9c2205a0d4ed0fc53fac5", "model": "sessions.session", "fields": {"expire_date": "2013-05-13T00:03:08.322Z", "session_data": "NjY5Y2NlNmI0NDI3YjlkMjNiZWFkZGEwMDhjOTk1Yjc3YzQ3NDhmODqAAn1xAVUKdGVzdGNvb2tp\nZXECVQZ3b3JrZWRxA3Mu\n"}}, {"pk": "2d79dc466a92dfc1497f98c7fba59d9b", "model": "sessions.session", "fields": {"expire_date": "2013-05-13T00:03:09.775Z", "session_data": "NjY5Y2NlNmI0NDI3YjlkMjNiZWFkZGEwMDhjOTk1Yjc3YzQ3NDhmODqAAn1xAVUKdGVzdGNvb2tp\nZXECVQZ3b3JrZWRxA3Mu\n"}}, {"pk": "50c3f67f8b80badfb7a25bacf465155f", "model": "sessions.session", "fields": {"expire_date": "2013-05-13T00:03:12.052Z", "session_data": "NjY5Y2NlNmI0NDI3YjlkMjNiZWFkZGEwMDhjOTk1Yjc3YzQ3NDhmODqAAn1xAVUKdGVzdGNvb2tp\nZXECVQZ3b3JrZWRxA3Mu\n"}}, {"pk": "2f36cfa3f34a711c51ff5d9542ffab5b", "model": "sessions.session", "fields": {"expire_date": "2013-05-13T00:03:13.496Z", "session_data": "NjY5Y2NlNmI0NDI3YjlkMjNiZWFkZGEwMDhjOTk1Yjc3YzQ3NDhmODqAAn1xAVUKdGVzdGNvb2tp\nZXECVQZ3b3JrZWRxA3Mu\n"}}, {"pk": "e3a94c6ab688dc2bd1884cb36efde23b", "model": "sessions.session", "fields": {"expire_date": "2013-05-13T00:03:15.428Z", "session_data": "NjY5Y2NlNmI0NDI3YjlkMjNiZWFkZGEwMDhjOTk1Yjc3YzQ3NDhmODqAAn1xAVUKdGVzdGNvb2tp\nZXECVQZ3b3JrZWRxA3Mu\n"}}, {"pk": "0cceb7b9c63f2d6bd45d4b9ed2ff08bf", "model": "sessions.session", "fields": {"expire_date": "2013-05-13T00:03:16.750Z", "session_data": "NjY5Y2NlNmI0NDI3YjlkMjNiZWFkZGEwMDhjOTk1Yjc3YzQ3NDhmODqAAn1xAVUKdGVzdGNvb2tp\nZXECVQZ3b3JrZWRxA3Mu\n"}}, {"pk": "4b89876edb7c11fb8036218d25869789", "model": "sessions.session", "fields": {"expire_date": "2013-05-13T00:03:20.396Z", "session_data": "NjY5Y2NlNmI0NDI3YjlkMjNiZWFkZGEwMDhjOTk1Yjc3YzQ3NDhmODqAAn1xAVUKdGVzdGNvb2tp\nZXECVQZ3b3JrZWRxA3Mu\n"}}, {"pk": "c852303b4253b980ac052ed42705916d", "model": "sessions.session", "fields": {"expire_date": "2013-05-13T00:03:24.921Z", "session_data": "NjY5Y2NlNmI0NDI3YjlkMjNiZWFkZGEwMDhjOTk1Yjc3YzQ3NDhmODqAAn1xAVUKdGVzdGNvb2tp\nZXECVQZ3b3JrZWRxA3Mu\n"}}, {"pk": "b9f25db33ccd74bd002e12c4733d35b6", "model": "sessions.session", "fields": {"expire_date": "2013-05-13T00:03:27.944Z", "session_data": "NjY5Y2NlNmI0NDI3YjlkMjNiZWFkZGEwMDhjOTk1Yjc3YzQ3NDhmODqAAn1xAVUKdGVzdGNvb2tp\nZXECVQZ3b3JrZWRxA3Mu\n"}}, {"pk": "093386556ef858d05544f219400b2815", "model": "sessions.session", "fields": {"expire_date": "2013-05-13T00:03:31.216Z", "session_data": "NjY5Y2NlNmI0NDI3YjlkMjNiZWFkZGEwMDhjOTk1Yjc3YzQ3NDhmODqAAn1xAVUKdGVzdGNvb2tp\nZXECVQZ3b3JrZWRxA3Mu\n"}}, {"pk": "9beadcb4d58e3bc6714ec496a0f46ba2", "model": "sessions.session", "fields": {"expire_date": "2013-05-13T00:03:32.510Z", "session_data": "NjY5Y2NlNmI0NDI3YjlkMjNiZWFkZGEwMDhjOTk1Yjc3YzQ3NDhmODqAAn1xAVUKdGVzdGNvb2tp\nZXECVQZ3b3JrZWRxA3Mu\n"}}, {"pk": "28b962f03b1667f2c5be3355811d715c", "model": "sessions.session", "fields": {"expire_date": "2013-05-13T00:03:34.349Z", "session_data": "NjY5Y2NlNmI0NDI3YjlkMjNiZWFkZGEwMDhjOTk1Yjc3YzQ3NDhmODqAAn1xAVUKdGVzdGNvb2tp\nZXECVQZ3b3JrZWRxA3Mu\n"}}, {"pk": "c8e24f88c2badd1c25ebdd3d1ae9bb99", "model": "sessions.session", "fields": {"expire_date": "2013-05-13T00:03:35.625Z", "session_data": "NjY5Y2NlNmI0NDI3YjlkMjNiZWFkZGEwMDhjOTk1Yjc3YzQ3NDhmODqAAn1xAVUKdGVzdGNvb2tp\nZXECVQZ3b3JrZWRxA3Mu\n"}}, {"pk": "49a23fd7fbac3f4c021ee168c2b6b038", "model": "sessions.session", "fields": {"expire_date": "2013-05-13T00:03:37.326Z", "session_data": "NjY5Y2NlNmI0NDI3YjlkMjNiZWFkZGEwMDhjOTk1Yjc3YzQ3NDhmODqAAn1xAVUKdGVzdGNvb2tp\nZXECVQZ3b3JrZWRxA3Mu\n"}}, {"pk": "39b4d491e954b1be4f0d9170f348998e", "model": "sessions.session", "fields": {"expire_date": "2013-05-13T00:03:38.825Z", "session_data": "NjY5Y2NlNmI0NDI3YjlkMjNiZWFkZGEwMDhjOTk1Yjc3YzQ3NDhmODqAAn1xAVUKdGVzdGNvb2tp\nZXECVQZ3b3JrZWRxA3Mu\n"}}, {"pk": "6af2d7ad61ae9a7b06b252a9b0469584", "model": "sessions.session", "fields": {"expire_date": "2013-05-13T00:03:40.702Z", "session_data": "NjY5Y2NlNmI0NDI3YjlkMjNiZWFkZGEwMDhjOTk1Yjc3YzQ3NDhmODqAAn1xAVUKdGVzdGNvb2tp\nZXECVQZ3b3JrZWRxA3Mu\n"}}, {"pk": "466935dba0cd195af5adf0174a70f12b", "model": "sessions.session", "fields": {"expire_date": "2013-05-13T00:03:42.228Z", "session_data": "NjY5Y2NlNmI0NDI3YjlkMjNiZWFkZGEwMDhjOTk1Yjc3YzQ3NDhmODqAAn1xAVUKdGVzdGNvb2tp\nZXECVQZ3b3JrZWRxA3Mu\n"}}, {"pk": "d0a061057a5a9262e48746df815ac547", "model": "sessions.session", "fields": {"expire_date": "2013-05-13T00:03:44.383Z", "session_data": "NjY5Y2NlNmI0NDI3YjlkMjNiZWFkZGEwMDhjOTk1Yjc3YzQ3NDhmODqAAn1xAVUKdGVzdGNvb2tp\nZXECVQZ3b3JrZWRxA3Mu\n"}}, {"pk": "7da40c2e5e1522febe6f2add787fc14c", "model": "sessions.session", "fields": {"expire_date": "2013-05-13T00:03:45.998Z", "session_data": "NjY5Y2NlNmI0NDI3YjlkMjNiZWFkZGEwMDhjOTk1Yjc3YzQ3NDhmODqAAn1xAVUKdGVzdGNvb2tp\nZXECVQZ3b3JrZWRxA3Mu\n"}}, {"pk": "403c358babf185131a1defffe43cfc65", "model": "sessions.session", "fields": {"expire_date": "2013-05-13T00:03:48.503Z", "session_data": "NjY5Y2NlNmI0NDI3YjlkMjNiZWFkZGEwMDhjOTk1Yjc3YzQ3NDhmODqAAn1xAVUKdGVzdGNvb2tp\nZXECVQZ3b3JrZWRxA3Mu\n"}}, {"pk": "bd7abbaa1dac2b9e4819076ac8018dd3", "model": "sessions.session", "fields": {"expire_date": "2013-05-13T00:03:51.710Z", "session_data": "NjY5Y2NlNmI0NDI3YjlkMjNiZWFkZGEwMDhjOTk1Yjc3YzQ3NDhmODqAAn1xAVUKdGVzdGNvb2tp\nZXECVQZ3b3JrZWRxA3Mu\n"}}, {"pk": "4bfbeffd7c60223da9a162a641232747", "model": "sessions.session", "fields": {"expire_date": "2013-05-13T00:04:40.327Z", "session_data": "NjY5Y2NlNmI0NDI3YjlkMjNiZWFkZGEwMDhjOTk1Yjc3YzQ3NDhmODqAAn1xAVUKdGVzdGNvb2tp\nZXECVQZ3b3JrZWRxA3Mu\n"}}, {"pk": "3a2c3e6af2b84cb2492dab3ec3166c2b", "model": "sessions.session", "fields": {"expire_date": "2013-05-13T00:04:43.518Z", "session_data": "NjY5Y2NlNmI0NDI3YjlkMjNiZWFkZGEwMDhjOTk1Yjc3YzQ3NDhmODqAAn1xAVUKdGVzdGNvb2tp\nZXECVQZ3b3JrZWRxA3Mu\n"}}, {"pk": "d5df7b5a831e92be0f86f116283a3938", "model": "sessions.session", "fields": {"expire_date": "2013-05-13T00:04:46.003Z", "session_data": "NjY5Y2NlNmI0NDI3YjlkMjNiZWFkZGEwMDhjOTk1Yjc3YzQ3NDhmODqAAn1xAVUKdGVzdGNvb2tp\nZXECVQZ3b3JrZWRxA3Mu\n"}}, {"pk": "a88443f9e49f9841d065863319a25cd2", "model": "sessions.session", "fields": {"expire_date": "2013-05-13T00:04:48.350Z", "session_data": "NjY5Y2NlNmI0NDI3YjlkMjNiZWFkZGEwMDhjOTk1Yjc3YzQ3NDhmODqAAn1xAVUKdGVzdGNvb2tp\nZXECVQZ3b3JrZWRxA3Mu\n"}}, {"pk": "1e498d938b2a2e5d201f38481a8bad60", "model": "sessions.session", "fields": {"expire_date": "2013-05-13T00:06:59.045Z", "session_data": "NjY5Y2NlNmI0NDI3YjlkMjNiZWFkZGEwMDhjOTk1Yjc3YzQ3NDhmODqAAn1xAVUKdGVzdGNvb2tp\nZXECVQZ3b3JrZWRxA3Mu\n"}}, {"pk": "dd1f64c679db7ebae9476df9a38b9ae3", "model": "sessions.session", "fields": {"expire_date": "2013-05-13T00:07:50.873Z", "session_data": "NjY5Y2NlNmI0NDI3YjlkMjNiZWFkZGEwMDhjOTk1Yjc3YzQ3NDhmODqAAn1xAVUKdGVzdGNvb2tp\nZXECVQZ3b3JrZWRxA3Mu\n"}}, {"pk": "4e4e65a250a807534f5b536f77455525", "model": "sessions.session", "fields": {"expire_date": "2013-05-13T00:08:06.981Z", "session_data": "NjY5Y2NlNmI0NDI3YjlkMjNiZWFkZGEwMDhjOTk1Yjc3YzQ3NDhmODqAAn1xAVUKdGVzdGNvb2tp\nZXECVQZ3b3JrZWRxA3Mu\n"}}, {"pk": "2ff4f0082f5c5295e698b7c546d39e4d", "model": "sessions.session", "fields": {"expire_date": "2013-05-13T00:08:20.203Z", "session_data": "NjY5Y2NlNmI0NDI3YjlkMjNiZWFkZGEwMDhjOTk1Yjc3YzQ3NDhmODqAAn1xAVUKdGVzdGNvb2tp\nZXECVQZ3b3JrZWRxA3Mu\n"}}, {"pk": "569dd161e55e3ce8f61975a96f152d7b", "model": "sessions.session", "fields": {"expire_date": "2013-05-13T00:08:36.894Z", "session_data": "NjY5Y2NlNmI0NDI3YjlkMjNiZWFkZGEwMDhjOTk1Yjc3YzQ3NDhmODqAAn1xAVUKdGVzdGNvb2tp\nZXECVQZ3b3JrZWRxA3Mu\n"}}, {"pk": "1125722f611ae101913ab5ac879e940d", "model": "sessions.session", "fields": {"expire_date": "2013-05-13T00:18:28.326Z", "session_data": "NjY5Y2NlNmI0NDI3YjlkMjNiZWFkZGEwMDhjOTk1Yjc3YzQ3NDhmODqAAn1xAVUKdGVzdGNvb2tp\nZXECVQZ3b3JrZWRxA3Mu\n"}}, {"pk": "89132f1ed6fa0ffe477bd543ec65d287", "model": "sessions.session", "fields": {"expire_date": "2013-05-13T00:18:41.809Z", "session_data": "NjY5Y2NlNmI0NDI3YjlkMjNiZWFkZGEwMDhjOTk1Yjc3YzQ3NDhmODqAAn1xAVUKdGVzdGNvb2tp\nZXECVQZ3b3JrZWRxA3Mu\n"}}, {"pk": "2fdeb0d401dd4aa6a0b76fc12cb36b45", "model": "sessions.session", "fields": {"expire_date": "2013-05-13T00:18:47.677Z", "session_data": "NjY5Y2NlNmI0NDI3YjlkMjNiZWFkZGEwMDhjOTk1Yjc3YzQ3NDhmODqAAn1xAVUKdGVzdGNvb2tp\nZXECVQZ3b3JrZWRxA3Mu\n"}}, {"pk": "d0d7cfa100423f39b05aae1e179b37ce", "model": "sessions.session", "fields": {"expire_date": "2013-05-13T05:00:20.507Z", "session_data": "NjY5Y2NlNmI0NDI3YjlkMjNiZWFkZGEwMDhjOTk1Yjc3YzQ3NDhmODqAAn1xAVUKdGVzdGNvb2tp\nZXECVQZ3b3JrZWRxA3Mu\n"}}, {"pk": "efb52483699fcddcd5905cd252d22d2a", "model": "sessions.session", "fields": {"expire_date": "2013-05-13T05:00:50.520Z", "session_data": "NjY5Y2NlNmI0NDI3YjlkMjNiZWFkZGEwMDhjOTk1Yjc3YzQ3NDhmODqAAn1xAVUKdGVzdGNvb2tp\nZXECVQZ3b3JrZWRxA3Mu\n"}}, {"pk": "324db3f3bd42726b9c9f2ea34d877a9a", "model": "sessions.session", "fields": {"expire_date": "2013-05-13T05:02:45.271Z", "session_data": "NjY5Y2NlNmI0NDI3YjlkMjNiZWFkZGEwMDhjOTk1Yjc3YzQ3NDhmODqAAn1xAVUKdGVzdGNvb2tp\nZXECVQZ3b3JrZWRxA3Mu\n"}}, {"pk": "9b59b5ec3d848d1f9f488c05ac3b84a6", "model": "sessions.session", "fields": {"expire_date": "2013-05-13T05:03:28.957Z", "session_data": "NjY5Y2NlNmI0NDI3YjlkMjNiZWFkZGEwMDhjOTk1Yjc3YzQ3NDhmODqAAn1xAVUKdGVzdGNvb2tp\nZXECVQZ3b3JrZWRxA3Mu\n"}}, {"pk": "f42cb5adc5a6986de94e8338eb0d471a", "model": "sessions.session", "fields": {"expire_date": "2013-05-13T05:09:05.947Z", "session_data": "NjY5Y2NlNmI0NDI3YjlkMjNiZWFkZGEwMDhjOTk1Yjc3YzQ3NDhmODqAAn1xAVUKdGVzdGNvb2tp\nZXECVQZ3b3JrZWRxA3Mu\n"}}, {"pk": "a9d782adc16b31b2cbf8ff9621869f2d", "model": "sessions.session", "fields": {"expire_date": "2013-05-13T05:09:09.887Z", "session_data": "NjY5Y2NlNmI0NDI3YjlkMjNiZWFkZGEwMDhjOTk1Yjc3YzQ3NDhmODqAAn1xAVUKdGVzdGNvb2tp\nZXECVQZ3b3JrZWRxA3Mu\n"}}, {"pk": "3fceae481e733605d234919c2650937b", "model": "sessions.session", "fields": {"expire_date": "2013-05-13T05:11:36.187Z", "session_data": "NjY5Y2NlNmI0NDI3YjlkMjNiZWFkZGEwMDhjOTk1Yjc3YzQ3NDhmODqAAn1xAVUKdGVzdGNvb2tp\nZXECVQZ3b3JrZWRxA3Mu\n"}}, {"pk": "5ea204120c8bbe008597b92271308ba4", "model": "sessions.session", "fields": {"expire_date": "2013-05-13T05:13:13.856Z", "session_data": "NjY5Y2NlNmI0NDI3YjlkMjNiZWFkZGEwMDhjOTk1Yjc3YzQ3NDhmODqAAn1xAVUKdGVzdGNvb2tp\nZXECVQZ3b3JrZWRxA3Mu\n"}}, {"pk": "735316bb0e304c65167d76484432a7c9", "model": "sessions.session", "fields": {"expire_date": "2013-05-13T05:14:52.241Z", "session_data": "NjY5Y2NlNmI0NDI3YjlkMjNiZWFkZGEwMDhjOTk1Yjc3YzQ3NDhmODqAAn1xAVUKdGVzdGNvb2tp\nZXECVQZ3b3JrZWRxA3Mu\n"}}, {"pk": "4e9eaba6e0135050d8892f00a0089937", "model": "sessions.session", "fields": {"expire_date": "2013-05-13T05:16:15.386Z", "session_data": "NjY5Y2NlNmI0NDI3YjlkMjNiZWFkZGEwMDhjOTk1Yjc3YzQ3NDhmODqAAn1xAVUKdGVzdGNvb2tp\nZXECVQZ3b3JrZWRxA3Mu\n"}}, {"pk": "408e680b129532bc97c49d4788da35ad", "model": "sessions.session", "fields": {"expire_date": "2013-05-13T05:17:04.437Z", "session_data": "NjY5Y2NlNmI0NDI3YjlkMjNiZWFkZGEwMDhjOTk1Yjc3YzQ3NDhmODqAAn1xAVUKdGVzdGNvb2tp\nZXECVQZ3b3JrZWRxA3Mu\n"}}, {"pk": "dbff945fa87939d95b797f327e412dd8", "model": "sessions.session", "fields": {"expire_date": "2013-05-13T05:17:43.584Z", "session_data": "NjY5Y2NlNmI0NDI3YjlkMjNiZWFkZGEwMDhjOTk1Yjc3YzQ3NDhmODqAAn1xAVUKdGVzdGNvb2tp\nZXECVQZ3b3JrZWRxA3Mu\n"}}, {"pk": "ef8f7ca758a5598bfe367cc8dd40ab19", "model": "sessions.session", "fields": {"expire_date": "2013-05-13T05:21:12.400Z", "session_data": "NjY5Y2NlNmI0NDI3YjlkMjNiZWFkZGEwMDhjOTk1Yjc3YzQ3NDhmODqAAn1xAVUKdGVzdGNvb2tp\nZXECVQZ3b3JrZWRxA3Mu\n"}}, {"pk": "346e9038b16dfc32259826c9e758a32e", "model": "sessions.session", "fields": {"expire_date": "2013-05-13T05:21:22.689Z", "session_data": "NjY5Y2NlNmI0NDI3YjlkMjNiZWFkZGEwMDhjOTk1Yjc3YzQ3NDhmODqAAn1xAVUKdGVzdGNvb2tp\nZXECVQZ3b3JrZWRxA3Mu\n"}}, {"pk": "e366708b473f94db2998f6246af7e760", "model": "sessions.session", "fields": {"expire_date": "2013-05-13T05:21:28.797Z", "session_data": "NjY5Y2NlNmI0NDI3YjlkMjNiZWFkZGEwMDhjOTk1Yjc3YzQ3NDhmODqAAn1xAVUKdGVzdGNvb2tp\nZXECVQZ3b3JrZWRxA3Mu\n"}}, {"pk": "4aa53781d9bcfd09c0dd3e7820f2cf46", "model": "sessions.session", "fields": {"expire_date": "2013-05-13T05:36:42.815Z", "session_data": "NjY5Y2NlNmI0NDI3YjlkMjNiZWFkZGEwMDhjOTk1Yjc3YzQ3NDhmODqAAn1xAVUKdGVzdGNvb2tp\nZXECVQZ3b3JrZWRxA3Mu\n"}}, {"pk": "f601ca27ec3c407136539384fde29f6c", "model": "sessions.session", "fields": {"expire_date": "2013-05-13T05:37:30.940Z", "session_data": "NjY5Y2NlNmI0NDI3YjlkMjNiZWFkZGEwMDhjOTk1Yjc3YzQ3NDhmODqAAn1xAVUKdGVzdGNvb2tp\nZXECVQZ3b3JrZWRxA3Mu\n"}}, {"pk": "312da55ec47de2f1e517fae59d7e4861", "model": "sessions.session", "fields": {"expire_date": "2013-05-13T05:38:25.198Z", "session_data": "NjY5Y2NlNmI0NDI3YjlkMjNiZWFkZGEwMDhjOTk1Yjc3YzQ3NDhmODqAAn1xAVUKdGVzdGNvb2tp\nZXECVQZ3b3JrZWRxA3Mu\n"}}, {"pk": "cd7029752de50229183662f0ea4739ef", "model": "sessions.session", "fields": {"expire_date": "2013-05-13T05:38:32.008Z", "session_data": "NjY5Y2NlNmI0NDI3YjlkMjNiZWFkZGEwMDhjOTk1Yjc3YzQ3NDhmODqAAn1xAVUKdGVzdGNvb2tp\nZXECVQZ3b3JrZWRxA3Mu\n"}}, {"pk": "33f19e86226ddc314f7e2adf5f5c6046", "model": "sessions.session", "fields": {"expire_date": "2013-05-13T05:39:31.969Z", "session_data": "NjY5Y2NlNmI0NDI3YjlkMjNiZWFkZGEwMDhjOTk1Yjc3YzQ3NDhmODqAAn1xAVUKdGVzdGNvb2tp\nZXECVQZ3b3JrZWRxA3Mu\n"}}, {"pk": "e3e336512ab06f71d4becc77abe4ab33", "model": "sessions.session", "fields": {"expire_date": "2013-05-13T05:39:44.780Z", "session_data": "NjY5Y2NlNmI0NDI3YjlkMjNiZWFkZGEwMDhjOTk1Yjc3YzQ3NDhmODqAAn1xAVUKdGVzdGNvb2tp\nZXECVQZ3b3JrZWRxA3Mu\n"}}, {"pk": "8ebffc845fcf97d75446925eb4a40ec7", "model": "sessions.session", "fields": {"expire_date": "2013-05-13T05:39:52.903Z", "session_data": "NjY5Y2NlNmI0NDI3YjlkMjNiZWFkZGEwMDhjOTk1Yjc3YzQ3NDhmODqAAn1xAVUKdGVzdGNvb2tp\nZXECVQZ3b3JrZWRxA3Mu\n"}}, {"pk": "fa94db6c0f8b9970e3847a29225b3fe8", "model": "sessions.session", "fields": {"expire_date": "2013-05-13T05:39:57.844Z", "session_data": "NjY5Y2NlNmI0NDI3YjlkMjNiZWFkZGEwMDhjOTk1Yjc3YzQ3NDhmODqAAn1xAVUKdGVzdGNvb2tp\nZXECVQZ3b3JrZWRxA3Mu\n"}}, {"pk": "0025b39ecd220038137d7ea4692df6b8", "model": "sessions.session", "fields": {"expire_date": "2013-05-13T05:40:03.811Z", "session_data": "NjY5Y2NlNmI0NDI3YjlkMjNiZWFkZGEwMDhjOTk1Yjc3YzQ3NDhmODqAAn1xAVUKdGVzdGNvb2tp\nZXECVQZ3b3JrZWRxA3Mu\n"}}, {"pk": "588bc027c4c05380f1f33b070f183fa0", "model": "sessions.session", "fields": {"expire_date": "2013-05-13T05:40:06.442Z", "session_data": "NjY5Y2NlNmI0NDI3YjlkMjNiZWFkZGEwMDhjOTk1Yjc3YzQ3NDhmODqAAn1xAVUKdGVzdGNvb2tp\nZXECVQZ3b3JrZWRxA3Mu\n"}}, {"pk": "9d32dc49ad9738465ebca295507ee635", "model": "sessions.session", "fields": {"expire_date": "2013-05-13T05:41:29.883Z", "session_data": "NjY5Y2NlNmI0NDI3YjlkMjNiZWFkZGEwMDhjOTk1Yjc3YzQ3NDhmODqAAn1xAVUKdGVzdGNvb2tp\nZXECVQZ3b3JrZWRxA3Mu\n"}}, {"pk": "582486b8723e82c4576937cb18214426", "model": "sessions.session", "fields": {"expire_date": "2013-05-13T05:41:34.383Z", "session_data": "NjY5Y2NlNmI0NDI3YjlkMjNiZWFkZGEwMDhjOTk1Yjc3YzQ3NDhmODqAAn1xAVUKdGVzdGNvb2tp\nZXECVQZ3b3JrZWRxA3Mu\n"}}, {"pk": "99d201e8ce60e3d2dcd0deadb88dc4d5", "model": "sessions.session", "fields": {"expire_date": "2013-05-13T05:41:39.180Z", "session_data": "NjY5Y2NlNmI0NDI3YjlkMjNiZWFkZGEwMDhjOTk1Yjc3YzQ3NDhmODqAAn1xAVUKdGVzdGNvb2tp\nZXECVQZ3b3JrZWRxA3Mu\n"}}, {"pk": "cb92114fc07360295a94cf901e6709a5", "model": "sessions.session", "fields": {"expire_date": "2013-05-13T05:44:01.573Z", "session_data": "NjY5Y2NlNmI0NDI3YjlkMjNiZWFkZGEwMDhjOTk1Yjc3YzQ3NDhmODqAAn1xAVUKdGVzdGNvb2tp\nZXECVQZ3b3JrZWRxA3Mu\n"}}, {"pk": "ea1b9cd75a051df3b3b214d2cf90b4c7", "model": "sessions.session", "fields": {"expire_date": "2013-05-13T05:44:06.732Z", "session_data": "NjY5Y2NlNmI0NDI3YjlkMjNiZWFkZGEwMDhjOTk1Yjc3YzQ3NDhmODqAAn1xAVUKdGVzdGNvb2tp\nZXECVQZ3b3JrZWRxA3Mu\n"}}, {"pk": "b13b0640984e1eb554fcb152b8d99a68", "model": "sessions.session", "fields": {"expire_date": "2013-05-13T05:45:37.817Z", "session_data": "NjY5Y2NlNmI0NDI3YjlkMjNiZWFkZGEwMDhjOTk1Yjc3YzQ3NDhmODqAAn1xAVUKdGVzdGNvb2tp\nZXECVQZ3b3JrZWRxA3Mu\n"}}, {"pk": "cbe6d0ef216d047f322ce5ca50e80eba", "model": "sessions.session", "fields": {"expire_date": "2013-05-13T05:45:46.341Z", "session_data": "NjY5Y2NlNmI0NDI3YjlkMjNiZWFkZGEwMDhjOTk1Yjc3YzQ3NDhmODqAAn1xAVUKdGVzdGNvb2tp\nZXECVQZ3b3JrZWRxA3Mu\n"}}, {"pk": "3e062263b2db32b9c2332af42b153df0", "model": "sessions.session", "fields": {"expire_date": "2013-05-13T05:45:52.281Z", "session_data": "NjY5Y2NlNmI0NDI3YjlkMjNiZWFkZGEwMDhjOTk1Yjc3YzQ3NDhmODqAAn1xAVUKdGVzdGNvb2tp\nZXECVQZ3b3JrZWRxA3Mu\n"}}, {"pk": "b199df282e47bb3c8d8fa97b8782c204", "model": "sessions.session", "fields": {"expire_date": "2013-05-13T05:45:57.495Z", "session_data": "NjY5Y2NlNmI0NDI3YjlkMjNiZWFkZGEwMDhjOTk1Yjc3YzQ3NDhmODqAAn1xAVUKdGVzdGNvb2tp\nZXECVQZ3b3JrZWRxA3Mu\n"}}, {"pk": "d105f57b7e7224c1d73449e440cdaff8", "model": "sessions.session", "fields": {"expire_date": "2013-05-13T05:52:45.986Z", "session_data": "NjY5Y2NlNmI0NDI3YjlkMjNiZWFkZGEwMDhjOTk1Yjc3YzQ3NDhmODqAAn1xAVUKdGVzdGNvb2tp\nZXECVQZ3b3JrZWRxA3Mu\n"}}, {"pk": "ec6f924008fc39018c432c203595039c", "model": "sessions.session", "fields": {"expire_date": "2013-05-13T05:53:18.563Z", "session_data": "NjY5Y2NlNmI0NDI3YjlkMjNiZWFkZGEwMDhjOTk1Yjc3YzQ3NDhmODqAAn1xAVUKdGVzdGNvb2tp\nZXECVQZ3b3JrZWRxA3Mu\n"}}, {"pk": "4d490000ab35a93d979d65946b4655c5", "model": "sessions.session", "fields": {"expire_date": "2013-05-13T05:53:38.480Z", "session_data": "NjY5Y2NlNmI0NDI3YjlkMjNiZWFkZGEwMDhjOTk1Yjc3YzQ3NDhmODqAAn1xAVUKdGVzdGNvb2tp\nZXECVQZ3b3JrZWRxA3Mu\n"}}, {"pk": "1a35a938fea951f584d1d6c235742678", "model": "sessions.session", "fields": {"expire_date": "2013-05-13T05:54:02.747Z", "session_data": "NjY5Y2NlNmI0NDI3YjlkMjNiZWFkZGEwMDhjOTk1Yjc3YzQ3NDhmODqAAn1xAVUKdGVzdGNvb2tp\nZXECVQZ3b3JrZWRxA3Mu\n"}}, {"pk": "a046bfc805cf4a69e909e70cb3552bbb", "model": "sessions.session", "fields": {"expire_date": "2013-05-13T05:54:17.355Z", "session_data": "NjY5Y2NlNmI0NDI3YjlkMjNiZWFkZGEwMDhjOTk1Yjc3YzQ3NDhmODqAAn1xAVUKdGVzdGNvb2tp\nZXECVQZ3b3JrZWRxA3Mu\n"}}, {"pk": "6a5e27bf43b6d79e212fbdcde2c14a74", "model": "sessions.session", "fields": {"expire_date": "2013-05-13T05:56:19.036Z", "session_data": "NjY5Y2NlNmI0NDI3YjlkMjNiZWFkZGEwMDhjOTk1Yjc3YzQ3NDhmODqAAn1xAVUKdGVzdGNvb2tp\nZXECVQZ3b3JrZWRxA3Mu\n"}}, {"pk": "faf0faff4f70e29da759f9999093e206", "model": "sessions.session", "fields": {"expire_date": "2013-05-13T05:56:44.860Z", "session_data": "NjY5Y2NlNmI0NDI3YjlkMjNiZWFkZGEwMDhjOTk1Yjc3YzQ3NDhmODqAAn1xAVUKdGVzdGNvb2tp\nZXECVQZ3b3JrZWRxA3Mu\n"}}, {"pk": "e52420e40b3118f3597b7c46a9654029", "model": "sessions.session", "fields": {"expire_date": "2013-05-13T05:58:41.802Z", "session_data": "NjY5Y2NlNmI0NDI3YjlkMjNiZWFkZGEwMDhjOTk1Yjc3YzQ3NDhmODqAAn1xAVUKdGVzdGNvb2tp\nZXECVQZ3b3JrZWRxA3Mu\n"}}, {"pk": "56ccfd681680693a2db59a62df6ab2eb", "model": "sessions.session", "fields": {"expire_date": "2013-05-13T05:59:00.367Z", "session_data": "NjY5Y2NlNmI0NDI3YjlkMjNiZWFkZGEwMDhjOTk1Yjc3YzQ3NDhmODqAAn1xAVUKdGVzdGNvb2tp\nZXECVQZ3b3JrZWRxA3Mu\n"}}, {"pk": "001122699cb3b52b2be403a40c7b357a", "model": "sessions.session", "fields": {"expire_date": "2013-05-13T05:59:31.194Z", "session_data": "NjY5Y2NlNmI0NDI3YjlkMjNiZWFkZGEwMDhjOTk1Yjc3YzQ3NDhmODqAAn1xAVUKdGVzdGNvb2tp\nZXECVQZ3b3JrZWRxA3Mu\n"}}, {"pk": "d1700c2a38f6036cce782f67089afcf5", "model": "sessions.session", "fields": {"expire_date": "2013-05-13T06:00:05.953Z", "session_data": "NjY5Y2NlNmI0NDI3YjlkMjNiZWFkZGEwMDhjOTk1Yjc3YzQ3NDhmODqAAn1xAVUKdGVzdGNvb2tp\nZXECVQZ3b3JrZWRxA3Mu\n"}}, {"pk": "ccf8db4df1b9f3a646507bf33f2b0a96", "model": "sessions.session", "fields": {"expire_date": "2013-05-13T06:00:24.976Z", "session_data": "NjY5Y2NlNmI0NDI3YjlkMjNiZWFkZGEwMDhjOTk1Yjc3YzQ3NDhmODqAAn1xAVUKdGVzdGNvb2tp\nZXECVQZ3b3JrZWRxA3Mu\n"}}, {"pk": "54ef4d63ebcc187a63a70c6b4d6ec0d2", "model": "sessions.session", "fields": {"expire_date": "2013-05-13T06:01:50.468Z", "session_data": "NjY5Y2NlNmI0NDI3YjlkMjNiZWFkZGEwMDhjOTk1Yjc3YzQ3NDhmODqAAn1xAVUKdGVzdGNvb2tp\nZXECVQZ3b3JrZWRxA3Mu\n"}}, {"pk": "21b2b6d2fdbe15436e927cb0acf4847e", "model": "sessions.session", "fields": {"expire_date": "2013-05-13T06:02:15.871Z", "session_data": "NjY5Y2NlNmI0NDI3YjlkMjNiZWFkZGEwMDhjOTk1Yjc3YzQ3NDhmODqAAn1xAVUKdGVzdGNvb2tp\nZXECVQZ3b3JrZWRxA3Mu\n"}}, {"pk": "ff0b630adebd47b6136c2df2b21f4c05", "model": "sessions.session", "fields": {"expire_date": "2013-05-13T06:02:37.891Z", "session_data": "NjY5Y2NlNmI0NDI3YjlkMjNiZWFkZGEwMDhjOTk1Yjc3YzQ3NDhmODqAAn1xAVUKdGVzdGNvb2tp\nZXECVQZ3b3JrZWRxA3Mu\n"}}, {"pk": "16f2416dff8eb566cc796e8f757bc0bd", "model": "sessions.session", "fields": {"expire_date": "2013-05-13T06:04:29.135Z", "session_data": "NjY5Y2NlNmI0NDI3YjlkMjNiZWFkZGEwMDhjOTk1Yjc3YzQ3NDhmODqAAn1xAVUKdGVzdGNvb2tp\nZXECVQZ3b3JrZWRxA3Mu\n"}}, {"pk": "564cf57ba906598966494e6931f33229", "model": "sessions.session", "fields": {"expire_date": "2013-05-13T06:04:31.701Z", "session_data": "NjY5Y2NlNmI0NDI3YjlkMjNiZWFkZGEwMDhjOTk1Yjc3YzQ3NDhmODqAAn1xAVUKdGVzdGNvb2tp\nZXECVQZ3b3JrZWRxA3Mu\n"}}, {"pk": "e0ea5a9046ea2c97d178963e6768cc9a", "model": "sessions.session", "fields": {"expire_date": "2013-05-13T06:05:23.614Z", "session_data": "NjY5Y2NlNmI0NDI3YjlkMjNiZWFkZGEwMDhjOTk1Yjc3YzQ3NDhmODqAAn1xAVUKdGVzdGNvb2tp\nZXECVQZ3b3JrZWRxA3Mu\n"}}, {"pk": "0d9fd10fa05a3f85eb5c0ebd7a9ce58a", "model": "sessions.session", "fields": {"expire_date": "2013-05-13T06:05:32.215Z", "session_data": "NjY5Y2NlNmI0NDI3YjlkMjNiZWFkZGEwMDhjOTk1Yjc3YzQ3NDhmODqAAn1xAVUKdGVzdGNvb2tp\nZXECVQZ3b3JrZWRxA3Mu\n"}}, {"pk": "adb8d6f7b7a8a4ab7129a4b765b9c512", "model": "sessions.session", "fields": {"expire_date": "2013-05-13T06:07:33.239Z", "session_data": "NjY5Y2NlNmI0NDI3YjlkMjNiZWFkZGEwMDhjOTk1Yjc3YzQ3NDhmODqAAn1xAVUKdGVzdGNvb2tp\nZXECVQZ3b3JrZWRxA3Mu\n"}}, {"pk": "82b8c198d15e756a2444047e20fb559b", "model": "sessions.session", "fields": {"expire_date": "2013-05-13T06:08:39.335Z", "session_data": "NjY5Y2NlNmI0NDI3YjlkMjNiZWFkZGEwMDhjOTk1Yjc3YzQ3NDhmODqAAn1xAVUKdGVzdGNvb2tp\nZXECVQZ3b3JrZWRxA3Mu\n"}}, {"pk": "d3b618a869a362e33dad26486e980c69", "model": "sessions.session", "fields": {"expire_date": "2013-05-13T06:33:00.652Z", "session_data": "NjY5Y2NlNmI0NDI3YjlkMjNiZWFkZGEwMDhjOTk1Yjc3YzQ3NDhmODqAAn1xAVUKdGVzdGNvb2tp\nZXECVQZ3b3JrZWRxA3Mu\n"}}, {"pk": "2ac959189c3c8759d4b079395ae0423e", "model": "sessions.session", "fields": {"expire_date": "2013-05-13T06:33:46.837Z", "session_data": "NjY5Y2NlNmI0NDI3YjlkMjNiZWFkZGEwMDhjOTk1Yjc3YzQ3NDhmODqAAn1xAVUKdGVzdGNvb2tp\nZXECVQZ3b3JrZWRxA3Mu\n"}}, {"pk": "fa2d9ba513bce1561b4d55a6e4924f96", "model": "sessions.session", "fields": {"expire_date": "2013-05-13T06:34:55.509Z", "session_data": "NjY5Y2NlNmI0NDI3YjlkMjNiZWFkZGEwMDhjOTk1Yjc3YzQ3NDhmODqAAn1xAVUKdGVzdGNvb2tp\nZXECVQZ3b3JrZWRxA3Mu\n"}}, {"pk": "2a6d9b569a7defc3eddfda6e9e9790d5", "model": "sessions.session", "fields": {"expire_date": "2013-05-13T06:35:43.535Z", "session_data": "NjY5Y2NlNmI0NDI3YjlkMjNiZWFkZGEwMDhjOTk1Yjc3YzQ3NDhmODqAAn1xAVUKdGVzdGNvb2tp\nZXECVQZ3b3JrZWRxA3Mu\n"}}, {"pk": "914158fc00b647c878d46c6b74b81ce4", "model": "sessions.session", "fields": {"expire_date": "2013-05-13T06:36:39.827Z", "session_data": "NjY5Y2NlNmI0NDI3YjlkMjNiZWFkZGEwMDhjOTk1Yjc3YzQ3NDhmODqAAn1xAVUKdGVzdGNvb2tp\nZXECVQZ3b3JrZWRxA3Mu\n"}}, {"pk": "5ff1b5df49fa1cd6799cb2d8988372bf", "model": "sessions.session", "fields": {"expire_date": "2013-05-13T06:37:32.904Z", "session_data": "NjY5Y2NlNmI0NDI3YjlkMjNiZWFkZGEwMDhjOTk1Yjc3YzQ3NDhmODqAAn1xAVUKdGVzdGNvb2tp\nZXECVQZ3b3JrZWRxA3Mu\n"}}, {"pk": "1d822209b322ed9c802af4517d2bf52d", "model": "sessions.session", "fields": {"expire_date": "2013-05-13T06:38:11.419Z", "session_data": "NjY5Y2NlNmI0NDI3YjlkMjNiZWFkZGEwMDhjOTk1Yjc3YzQ3NDhmODqAAn1xAVUKdGVzdGNvb2tp\nZXECVQZ3b3JrZWRxA3Mu\n"}}, {"pk": "0901051cbcc815b2f4816bfab378b810", "model": "sessions.session", "fields": {"expire_date": "2013-05-13T06:38:40.846Z", "session_data": "NjY5Y2NlNmI0NDI3YjlkMjNiZWFkZGEwMDhjOTk1Yjc3YzQ3NDhmODqAAn1xAVUKdGVzdGNvb2tp\nZXECVQZ3b3JrZWRxA3Mu\n"}}, {"pk": "6664c693fb78fb0ade0edb36f847679b", "model": "sessions.session", "fields": {"expire_date": "2013-05-13T16:19:58.542Z", "session_data": "NjY5Y2NlNmI0NDI3YjlkMjNiZWFkZGEwMDhjOTk1Yjc3YzQ3NDhmODqAAn1xAVUKdGVzdGNvb2tp\nZXECVQZ3b3JrZWRxA3Mu\n"}}, {"pk": "9a26a4e71ba1e1e1c178ec37b7f09fae", "model": "sessions.session", "fields": {"expire_date": "2013-05-13T16:20:16.613Z", "session_data": "NjY5Y2NlNmI0NDI3YjlkMjNiZWFkZGEwMDhjOTk1Yjc3YzQ3NDhmODqAAn1xAVUKdGVzdGNvb2tp\nZXECVQZ3b3JrZWRxA3Mu\n"}}, {"pk": "2a79194010bc785fd1a92335c7546ff6", "model": "sessions.session", "fields": {"expire_date": "2013-05-13T16:20:29.443Z", "session_data": "NjY5Y2NlNmI0NDI3YjlkMjNiZWFkZGEwMDhjOTk1Yjc3YzQ3NDhmODqAAn1xAVUKdGVzdGNvb2tp\nZXECVQZ3b3JrZWRxA3Mu\n"}}, {"pk": "a70c419f7d1a5f6aee38f365357a8556", "model": "sessions.session", "fields": {"expire_date": "2013-05-13T16:24:22.404Z", "session_data": "NjY5Y2NlNmI0NDI3YjlkMjNiZWFkZGEwMDhjOTk1Yjc3YzQ3NDhmODqAAn1xAVUKdGVzdGNvb2tp\nZXECVQZ3b3JrZWRxA3Mu\n"}}, {"pk": "15e04e1eeac55825208ccef2c813915a", "model": "sessions.session", "fields": {"expire_date": "2013-05-13T16:24:57.921Z", "session_data": "NjY5Y2NlNmI0NDI3YjlkMjNiZWFkZGEwMDhjOTk1Yjc3YzQ3NDhmODqAAn1xAVUKdGVzdGNvb2tp\nZXECVQZ3b3JrZWRxA3Mu\n"}}, {"pk": "dda6f6e22cbb56cc7fbfa7211f923497", "model": "sessions.session", "fields": {"expire_date": "2013-05-13T16:25:29.825Z", "session_data": "NjY5Y2NlNmI0NDI3YjlkMjNiZWFkZGEwMDhjOTk1Yjc3YzQ3NDhmODqAAn1xAVUKdGVzdGNvb2tp\nZXECVQZ3b3JrZWRxA3Mu\n"}}, {"pk": "34e8439e267d418d193fa112354f7781", "model": "sessions.session", "fields": {"expire_date": "2013-05-13T16:25:33.843Z", "session_data": "NjY5Y2NlNmI0NDI3YjlkMjNiZWFkZGEwMDhjOTk1Yjc3YzQ3NDhmODqAAn1xAVUKdGVzdGNvb2tp\nZXECVQZ3b3JrZWRxA3Mu\n"}}, {"pk": "9cc3127aad16e83077f7539f1bb95123", "model": "sessions.session", "fields": {"expire_date": "2013-05-13T16:25:36.351Z", "session_data": "NjY5Y2NlNmI0NDI3YjlkMjNiZWFkZGEwMDhjOTk1Yjc3YzQ3NDhmODqAAn1xAVUKdGVzdGNvb2tp\nZXECVQZ3b3JrZWRxA3Mu\n"}}, {"pk": "f52a05aa8785a986c1bb0fd6083d87f0", "model": "sessions.session", "fields": {"expire_date": "2013-05-13T16:25:38.047Z", "session_data": "NjY5Y2NlNmI0NDI3YjlkMjNiZWFkZGEwMDhjOTk1Yjc3YzQ3NDhmODqAAn1xAVUKdGVzdGNvb2tp\nZXECVQZ3b3JrZWRxA3Mu\n"}}, {"pk": "90df428cb0c7da93fb733a736567b493", "model": "sessions.session", "fields": {"expire_date": "2013-05-13T16:25:53.638Z", "session_data": "NjY5Y2NlNmI0NDI3YjlkMjNiZWFkZGEwMDhjOTk1Yjc3YzQ3NDhmODqAAn1xAVUKdGVzdGNvb2tp\nZXECVQZ3b3JrZWRxA3Mu\n"}}, {"pk": "d7395fcefa154272bccfc7848247ce72", "model": "sessions.session", "fields": {"expire_date": "2013-05-13T17:56:31.948Z", "session_data": "NjY5Y2NlNmI0NDI3YjlkMjNiZWFkZGEwMDhjOTk1Yjc3YzQ3NDhmODqAAn1xAVUKdGVzdGNvb2tp\nZXECVQZ3b3JrZWRxA3Mu\n"}}, {"pk": "f726019e09c96bfba91ec9e19e5f61fe", "model": "sessions.session", "fields": {"expire_date": "2013-05-15T01:11:59.716Z", "session_data": "NjY5Y2NlNmI0NDI3YjlkMjNiZWFkZGEwMDhjOTk1Yjc3YzQ3NDhmODqAAn1xAVUKdGVzdGNvb2tp\nZXECVQZ3b3JrZWRxA3Mu\n"}}, {"pk": "40c823430a30bb95ba6e338ecadf915a", "model": "sessions.session", "fields": {"expire_date": "2013-05-15T01:12:02.516Z", "session_data": "NjY5Y2NlNmI0NDI3YjlkMjNiZWFkZGEwMDhjOTk1Yjc3YzQ3NDhmODqAAn1xAVUKdGVzdGNvb2tp\nZXECVQZ3b3JrZWRxA3Mu\n"}}, {"pk": 1, "model": "sites.site", "fields": {"domain": "example.com", "name": "example.com"}}, {"pk": 1, "model": "songs_api.song", "fields": {"display_ccli": false, "name": "test song", "copyright": "this is the copyright"}}, {"pk": 2, "model": "songs_api.song", "fields": {"display_ccli": true, "name": "Hero", "copyright": ""}}, {"pk": 3, "model": "songs_api.song", "fields": {"display_ccli": true, "name": "test song 2", "copyright": ""}}, {"pk": 3, "model": "songs_api.verse", "fields": {"text": "   He walked the dirty streets famous for nothing\n   He said, \"Come follow me\" and they came\n   A face like all the rest, but something was different\n   The Son of God would lead the way\nAnd soon they all would say", "chords": "G                            Em2\nG                                     Em2\nG                         Em2\nG                          Em2\n    Am        G         D", "description": "1st", "song": 2}}, {"pk": 4, "model": "songs_api.verse", "fields": {"text": "   He spoke with clarity, walked across the sea\n   A single word would calm the storm\n   His touch could heal the sick, but He was called a hypocrite\n   Laid behind the stone, his death was shortly mourned\nHe left the curtain torn", "chords": "G                      Em2\nG                               Em2\nG                                 Em2\nG                              Em2\n   Am       G       D", "description": "2nd", "song": 2}}, {"pk": 5, "model": "songs_api.verse", "fields": {"text": "   There He goes, a hero, a Savior to the world\nHere He stands with scars in His hands\n   With love     He gave    His life so we could be free\n    The Savior of the world", "chords": "Cmaj7       Dsus4   Em      G             Cmaj7\n        Dsus4       Em           D  \nCmaj7       Dsus4       Em              G\nCmaj7          Dsus4  Gmaj7|Em2|Gmaj7|Em2", "description": "Chorus 1", "song": 2}}, {"pk": 6, "model": "songs_api.verse", "fields": {"text": "He chose to take the cross, shed tears for the lost\nThe broken and the needy, forgiving those who were and will be\nThe angel made it clear, he told them, \"Have no fear\nHe's not here, He's not here\"\n\n", "chords": "                     Em                        G\n                             D                              Am7 \n                  Em                            Cmaj7\n                        D    | D", "description": "Bridge", "song": 2}}, {"pk": 7, "model": "songs_api.verse", "fields": {"text": "   There He goes, a hero, a Savior to the world\nHere He stands with scars in His hands\n   With love     He gave    His life so we could be free\n    The Savior of the world (The Savior of the world)\n    The Savior of the world (The Savior of the world)\n    The Savior of the world", "chords": "Cmaj7       Dsus4   Em      G             Cmaj7\n        Dsus4       Em           D  \nCmaj7       Dsus4       Em              G\nCmaj7          Dsus4  Em\nCmaj7          Dsus4  Em\nCmaj7          Dsus4  Gmaj7|Em2|Gmaj7|Em2 | G", "description": "Chorus 2", "song": 2}}, {"pk": 8, "model": "songs_api.verse", "fields": {"text": "This the first verse\n", "chords": "\n", "description": "1", "song": 1}}, {"pk": 9, "model": "songs_api.verse", "fields": {"text": "this is the second verse", "chords": "\n", "description": "2", "song": 1}}, {"pk": 10, "model": "songs_api.verse", "fields": {"text": "Lorem ipsum dolor sit amet, consectetur adipisicing elit, sed do eiusmod tempor .\nUt enim ad minim veniam, quis nostrud exercitation ullamco laboris nisi ut aliquip. \nDuis aute irure dolor in reprehenderit in voluptate velit esse cillum dolore eu.\nExcepteur sint occaecat cupidatat non proident, sunt in culpa qui officia deserunt.\n", "chords": "\n", "description": "verse 1", "song": 3}}, {"pk": 11, "model": "songs_api.verse", "fields": {"text": "Consequat. sed dolor culpa reprehenderit ad id dolor ut ad eiusmod irure consequat. \nex magna culpa occaecat officia sit in id officia ea fugiat ad est tempor ea occaecat,\nesse ad sint aute in veniam, incididunt sint veniam, ad non sint Excepteur aliqua. \nullamco nisi do aliquip enim mollit in consequat. aliquip non dolor ut velit minim id.\n", "chords": "\n", "description": "verse 2", "song": 3}}, {"pk": 12, "model": "songs_api.verse", "fields": {"text": "Nisi aliquip adipisicing sunt proident, officia velit Duis adipisicing voluptate veniam, \nanim officia ut minim adipisicing incididunt do nostrud ullamco Lorem eiusmod in \nExcepteur dolor adipisicing Lorem ut esse velit in aliquip esse veniam, sit est ad\nExcepteur in dolore irure amet, reprehenderit ea sit aute sunt culpa cupidatat.", "chords": "\n", "description": "verse 3", "song": 3}}, {"pk": 1, "model": "songs_api.author", "fields": {"name": "Joe Sutherland"}}, {"pk": 2, "model": "songs_api.author", "fields": {"name": "Bobby Shook"}}, {"pk": 3, "model": "songs_api.author", "fields": {"name": "Chris Stevens"}}, {"pk": 4, "model": "songs_api.author", "fields": {"name": "Justin York"}}, {"pk": 5, "model": "songs_api.author", "fields": {"name": "Josh Engler"}}, {"pk": 6, "model": "songs_api.author", "fields": {"name": "Justin Engler"}}, {"pk": 7, "model": "songs_api.author", "fields": {"name": "David Vela"}}, {"pk": 8, "model": "songs_api.author", "fields": {"name": "Stevan Vela"}}, {"pk": 9, "model": "songs_api.author", "fields": {"name": "Bryan Fowler"}}, {"pk": 1, "model": "songs_api.songauthor", "fields": {"song": 1, "order": 0, "author": 1}}, {"pk": 2, "model": "songs_api.songauthor", "fields": {"song": 1, "order": 1, "author": 2}}, {"pk": 3, "model": "songs_api.songauthor", "fields": {"song": 2, "order": 0, "author": 3}}, {"pk": 4, "model": "songs_api.songauthor", "fields": {"song": 2, "order": 1, "author": 4}}, {"pk": 5, "model": "songs_api.songauthor", "fields": {"song": 2, "order": 2, "author": 5}}, {"pk": 6, "model": "songs_api.songauthor", "fields": {"song": 2, "order": 3, "author": 6}}, {"pk": 7, "model": "songs_api.songauthor", "fields": {"song": 2, "order": 4, "author": 7}}, {"pk": 8, "model": "songs_api.songauthor", "fields": {"song": 2, "order": 5, "author": 8}}, {"pk": 9, "model": "songs_api.songauthor", "fields": {"song": 2, "order": 6, "author": 9}}, {"pk": 2, "model": "songs_api.songarrangement", "fields": {"arrangement": 1, "song": 2}}, {"pk": 3, "model": "songs_api.songarrangement", "fields": {"arrangement": 1, "song": 1}}, {"pk": 1, "model": "songs_api.arrangement", "fields": {"notes": "sing 'em all!", "description": "All Verses"}}, {"pk": 1, "model": "songs_api.arrangementverse", "fields": {"transposition": 0, "arrangement": 1, "verse": 8, "description": "", "order": 0}}, {"pk": 2, "model": "songs_api.arrangementverse", "fields": {"transposition": 0, "arrangement": 1, "verse": 9, "description": "", "order": 1}}, {"pk": 3, "model": "songs_api.arrangementverse", "fields": {"transposition": 0, "arrangement": 1, "verse": 3, "description": "", "order": 2}}, {"pk": 4, "model": "songs_api.arrangementverse", "fields": {"transposition": 0, "arrangement": 1, "verse": 4, "description": "", "order": 4}}, {"pk": 5, "model": "songs_api.arrangementverse", "fields": {"transposition": 0, "arrangement": 1, "verse": 5, "description": "", "order": 3}}, {"pk": 1, "model": "songs_api.setlist", "fields": {"date": "2013-04-21", "description": "yeah!"}}, {"pk": 1, "model": "songs_api.setlistarrangement", "fields": {"arrangement": 1, "order": 1, "setlist": 1}}, {"pk": 19, "model": "auth.permission", "fields": {"codename": "add_logentry", "name": "Can add log entry", "content_type": 7}}, {"pk": 20, "model": "auth.permission", "fields": {"codename": "change_logentry", "name": "Can change log entry", "content_type": 7}}, {"pk": 21, "model": "auth.permission", "fields": {"codename": "delete_logentry", "name": "Can delete log entry", "content_type": 7}}, {"pk": 1, "model": "auth.permission", "fields": {"codename": "add_group", "name": "Can add group", "content_type": 2}}, {"pk": 4, "model": "auth.permission", "fields": {"codename": "change_group", "name": "Can change group", "content_type": 2}}, {"pk": 7, "model": "auth.permission", "fields": {"codename": "delete_group", "name": "Can delete group", "content_type": 2}}, {"pk": 2, "model": "auth.permission", "fields": {"codename": "add_permission", "name": "Can add permission", "content_type": 1}}, {"pk": 5, "model": "auth.permission", "fields": {"codename": "change_permission", "name": "Can change permission", "content_type": 1}}, {"pk": 8, "model": "auth.permission", "fields": {"codename": "delete_permission", "name": "Can delete permission", "content_type": 1}}, {"pk": 3, "model": "auth.permission", "fields": {"codename": "add_user", "name": "Can add user", "content_type": 3}}, {"pk": 6, "model": "auth.permission", "fields": {"codename": "change_user", "name": "Can change user", "content_type": 3}}, {"pk": 9, "model": "auth.permission", "fields": {"codename": "delete_user", "name": "Can delete user", "content_type": 3}}, {"pk": 10, "model": "auth.permission", "fields": {"codename": "add_contenttype", "name": "Can add content type", "content_type": 4}}, {"pk": 11, "model": "auth.permission", "fields": {"codename": "change_contenttype", "name": "Can change content type", "content_type": 4}}, {"pk": 12, "model": "auth.permission", "fields": {"codename": "delete_contenttype", "name": "Can delete content type", "content_type": 4}}, {"pk": 13, "model": "auth.permission", "fields": {"codename": "add_session", "name": "Can add session", "content_type": 5}}, {"pk": 14, "model": "auth.permission", "fields": {"codename": "change_session", "name": "Can change session", "content_type": 5}}, {"pk": 15, "model": "auth.permission", "fields": {"codename": "delete_session", "name": "Can delete session", "content_type": 5}}, {"pk": 16, "model": "auth.permission", "fields": {"codename": "add_site", "name": "Can add site", "content_type": 6}}, {"pk": 17, "model": "auth.permission", "fields": {"codename": "change_site", "name": "Can change site", "content_type": 6}}, {"pk": 18, "model": "auth.permission", "fields": {"codename": "delete_site", "name": "Can delete site", "content_type": 6}}, {"pk": 22, "model": "auth.permission", "fields": {"codename": "add_arrangement", "name": "Can add arrangement", "content_type": 13}}, {"pk": 31, "model": "auth.permission", "fields": {"codename": "change_arrangement", "name": "Can change arrangement", "content_type": 13}}, {"pk": 40, "model": "auth.permission", "fields": {"codename": "delete_arrangement", "name": "Can delete arrangement", "content_type": 13}}, {"pk": 23, "model": "auth.permission", "fields": {"codename": "add_arrangementverse", "name": "Can add arrangement verse", "content_type": 14}}, {"pk": 32, "model": "auth.permission", "fields": {"codename": "change_arrangementverse", "name": "Can change arrangement verse", "content_type": 14}}, {"pk": 41, "model": "auth.permission", "fields": {"codename": "delete_arrangementverse", "name": "Can delete arrangement verse", "content_type": 14}}, {"pk": 24, "model": "auth.permission", "fields": {"codename": "add_author", "name": "Can add author", "content_type": 10}}, {"pk": 33, "model": "auth.permission", "fields": {"codename": "change_author", "name": "Can change author", "content_type": 10}}, {"pk": 42, "model": "auth.permission", "fields": {"codename": "delete_author", "name": "Can delete author", "content_type": 10}}, {"pk": 25, "model": "auth.permission", "fields": {"codename": "add_setlist", "name": "Can add set list", "content_type": 15}}, {"pk": 34, "model": "auth.permission", "fields": {"codename": "change_setlist", "name": "Can change set list", "content_type": 15}}, {"pk": 43, "model": "auth.permission", "fields": {"codename": "delete_setlist", "name": "Can delete set list", "content_type": 15}}, {"pk": 26, "model": "auth.permission", "fields": {"codename": "add_setlistarrangement", "name": "Can add set list arrangement", "content_type": 16}}, {"pk": 35, "model": "auth.permission", "fields": {"codename": "change_setlistarrangement", "name": "Can change set list arrangement", "content_type": 16}}, {"pk": 44, "model": "auth.permission", "fields": {"codename": "delete_setlistarrangement", "name": "Can delete set list arrangement", "content_type": 16}}, {"pk": 27, "model": "auth.permission", "fields": {"codename": "add_song", "name": "Can add song", "content_type": 8}}, {"pk": 36, "model": "auth.permission", "fields": {"codename": "change_song", "name": "Can change song", "content_type": 8}}, {"pk": 45, "model": "auth.permission", "fields": {"codename": "delete_song", "name": "Can delete song", "content_type": 8}}, {"pk": 28, "model": "auth.permission", "fields": {"codename": "add_songarrangement", "name": "Can add song arrangement", "content_type": 12}}, {"pk": 37, "model": "auth.permission", "fields": {"codename": "change_songarrangement", "name": "Can change song arrangement", "content_type": 12}}, {"pk": 46, "model": "auth.permission", "fields": {"codename": "delete_songarrangement", "name": "Can delete song arrangement", "content_type": 12}}, {"pk": 29, "model": "auth.permission", "fields": {"codename": "add_songauthor", "name": "Can add song author", "content_type": 11}}, {"pk": 38, "model": "auth.permission", "fields": {"codename": "change_songauthor", "name": "Can change song author", "content_type": 11}}, {"pk": 47, "model": "auth.permission", "fields": {"codename": "delete_songauthor", "name": "Can delete song author", "content_type": 11}}, {"pk": 30, "model": "auth.permission", "fields": {"codename": "add_verse", "name": "Can add verse", "content_type": 9}}, {"pk": 39, "model": "auth.permission", "fields": {"codename": "change_verse", "name": "Can change verse", "content_type": 9}}, {"pk": 48, "model": "auth.permission", "fields": {"codename": "delete_verse", "name": "Can delete verse", "content_type": 9}}, {"pk": 1, "model": "auth.user", "fields": {"username": "root", "first_name": "", "last_name": "", "is_active": true, "is_superuser": true, "is_staff": true, "last_login": "2013-04-25T17:55:37.569Z", "groups": [], "user_permissions": [], "password": "pbkdf2_sha256$10000$pR1b2xui7DfR$JjMCpUEz7hPEgqgfuinKOSBMT1/3LUIWkWIWVoeaiBM=", "email": "timford88@gmail.com", "date_joined": "2013-04-25T17:55:03.028Z"}}, {"pk": 2, "model": "auth.user", "fields": {"username": "joe", "first_name": "", "last_name": "", "is_active": true, "is_superuser": true, "is_staff": true, "last_login": "2013-04-29T00:02:34.054Z", "groups": [], "user_permissions": [], "password": "pbkdf2_sha256$10000$E81BubfiBPUo$nWGMOWItgByydyA+smf2dBmNIVnp4LIY/UnhQZMxvpM=", "email": "", "date_joined": "2013-04-25T17:55:50Z"}}, {"pk": 7, "model": "admin.logentry", "fields": {"action_flag": 3, "action_time": "2013-04-27T21:57:32.426Z", "object_repr": "billy", "object_id": "10", "change_message": "", "user": 2, "content_type": 10}}, {"pk": 6, "model": "admin.logentry", "fields": {"action_flag": 3, "action_time": "2013-04-27T21:57:32.424Z", "object_repr": "robert", "object_id": "11", "change_message": "", "user": 2, "content_type": 10}}, {"pk": 5, "model": "admin.logentry", "fields": {"action_flag": 3, "action_time": "2013-04-27T21:57:32.422Z", "object_repr": "bobert", "object_id": "12", "change_message": "", "user": 2, "content_type": 10}}, {"pk": 4, "model": "admin.logentry", "fields": {"action_flag": 3, "action_time": "2013-04-27T21:57:32.420Z", "object_repr": "test", "object_id": "13", "change_message": "", "user": 2, "content_type": 10}}, {"pk": 3, "model": "admin.logentry", "fields": {"action_flag": 3, "action_time": "2013-04-27T21:56:34.511Z", "object_repr": "boob", "object_id": "3", "change_message": "", "user": 2, "content_type": 8}}, {"pk": 2, "model": "admin.logentry", "fields": {"action_flag": 2, "action_time": "2013-04-25T17:56:19.150Z", "object_repr": "joe", "object_id": "2", "change_message": "Changed password, is_staff and is_superuser.", "user": 1, "content_type": 3}}, {"pk": 1, "model": "admin.logentry", "fields": {"action_flag": 1, "action_time": "2013-04-25T17:55:50.573Z", "object_repr": "joe", "object_id": "2", "change_message": "", "user": 1, "content_type": 3}}]